[debug] [2026-08-11T09:55:23.933Z] [Firebase Plugin] Activating Firebase extension.
[debug] [2026-08-11T09:55:37.785Z] [Firebase Plugin] requireAuthWrapper
[debug] [2026-08-11T09:55:37.790Z] > command requires scopes: ["email","openid","https://www.googleapis.com/auth/cloudplatformprojects.readonly","https://www.googleapis.com/auth/firebase","https://www.googleapis.com/auth/cloud-platform"]
[debug] [2026-08-11T09:55:37.792Z] > authorizing via signed-in user (jdynamo25@gmail.com)
[debug] [2026-08-11T09:55:37.799Z] Checked if tokens are valid: false, expires at: 1786379108141
[debug] [2026-08-11T09:55:37.800Z] Checked if tokens are valid: false, expires at: 1786379108141
[debug] [2026-08-11T09:55:37.801Z] > refreshing access token with scopes: []
[debug] [2026-08-11T09:55:37.806Z] >>> [apiv2][query] POST https://www.googleapis.com/oauth2/v3/token [none]
[debug] [2026-08-11T09:55:37.806Z] >>> [apiv2][body] POST https://www.googleapis.com/oauth2/v3/token [omitted]
[debug] [2026-08-11T09:55:38.029Z] [Firebase Plugin] VSCode notification server listening on port 40001
[info] [Firebase Plugin] Starting SQL Connect toolkit (version 3.4.16) on port 50001
[debug] [2026-08-11T09:55:38.954Z] 'fdc build' failed with error: Unable to build your SQL Connect schema and connectors (exit code 1): E0811 09:55:38.950017   30958 cmd.go:43] Error loading data connect config: could not find dataconnect.yaml in `/Users/dynamo/Desktop/Dev/react/nek-studios/dataconnect`
 {"metadata":{"emulator":{"name":"dataconnect"},"message":"'fdc build' failed with error: Unable to build your SQL Connect schema and connectors (exit code 1): E0811 09:55:38.950017   30958 cmd.go:43] Error loading data connect config: could not find dataconnect.yaml in `/Users/dynamo/Desktop/Dev/react/nek-studios/dataconnect`\n"}}
[debug] [2026-08-11T09:55:38.955Z] Ignoring unsupported arg: auto_download {"metadata":{"emulator":{"name":"dataconnect"},"message":"Ignoring unsupported arg: auto_download"}}
[debug] [2026-08-11T09:55:38.955Z] Ignoring unsupported arg: port {"metadata":{"emulator":{"name":"dataconnect"},"message":"Ignoring unsupported arg: port"}}
[debug] [2026-08-11T09:55:38.955Z] Starting SQL Connect Emulator with command {"binary":"/Users/dynamo/.cache/firebase/emulators/dataconnect-emulator-3.4.16","args":["--logtostderr","-v=2","dev","--listen=localhost:50001","--config_dir=/Users/dynamo/Desktop/Dev/react/nek-studios/dataconnect","--enable_output_schema_extensions=true","--enable_output_generated_sdk=true"],"optionalArgs":["listen","config_dir","enable_output_schema_extensions","enable_output_generated_sdk"],"joinArgs":true,"shell":false,"port":9399} {"metadata":{"emulator":{"name":"dataconnect"},"message":"Starting SQL Connect Emulator with command {\"binary\":\"/Users/dynamo/.cache/firebase/emulators/dataconnect-emulator-3.4.16\",\"args\":[\"--logtostderr\",\"-v=2\",\"dev\",\"--listen=localhost:50001\",\"--config_dir=/Users/dynamo/Desktop/Dev/react/nek-studios/dataconnect\",\"--enable_output_schema_extensions=true\",\"--enable_output_generated_sdk=true\"],\"optionalArgs\":[\"listen\",\"config_dir\",\"enable_output_schema_extensions\",\"enable_output_generated_sdk\"],\"joinArgs\":true,\"shell\":false,\"port\":9399}"}}
[info] i  dataconnect: SQL Connect Emulator logging to dataconnect-debug.log {"metadata":{"emulator":{"name":"dataconnect"},"message":"SQL Connect Emulator logging to dataconnect-debug.log"}}
[debug] [2026-08-11T09:55:39.235Z] E0811 09:55:39.012716   30960 dev.go:80] Failed to load initial config from "/Users/dynamo/Desktop/Dev/react/nek-studios/dataconnect": could not find dataconnect.yaml in `/Users/dynamo/Desktop/Dev/react/nek-studios/dataconnect`
E0811 09:55:39.016887   30960 watch.go:116] watchAllDir unable to walk dir `/Users/dynamo/Desktop/Dev/react/nek-studios/dataconnect`: lstat /Users/dynamo/Desktop/Dev/react/nek-studios/dataconnect: no such file or directory
I0811 09:55:39.019468   30960 dev.go:101] Listening on address (HTTP + gRPC): 127.0.0.1:50001
 {"metadata":{"emulator":{"name":"dataconnect"},"message":"E0811 09:55:39.012716   30960 dev.go:80] Failed to load initial config from \"/Users/dynamo/Desktop/Dev/react/nek-studios/dataconnect\": could not find dataconnect.yaml in `/Users/dynamo/Desktop/Dev/react/nek-studios/dataconnect`\nE0811 09:55:39.016887   30960 watch.go:116] watchAllDir unable to walk dir `/Users/dynamo/Desktop/Dev/react/nek-studios/dataconnect`: lstat /Users/dynamo/Desktop/Dev/react/nek-studios/dataconnect: no such file or directory\nI0811 09:55:39.019468   30960 dev.go:101] Listening on address (HTTP + gRPC): 127.0.0.1:50001\n"}}
[debug] [2026-08-11T09:55:41.043Z] <<< [apiv2][status] POST https://www.googleapis.com/oauth2/v3/token 200
[debug] [2026-08-11T09:55:41.044Z] <<< [apiv2][body] POST https://www.googleapis.com/oauth2/v3/token [omitted]
[debug] [2026-08-11T09:55:41.058Z] [Firebase Plugin] User found:  jdynamo25@gmail.com
[info] [Firebase Plugin] (Core:Project) New user detected, fetching projects
[debug] [2026-08-11T09:55:41.059Z] Checked if tokens are valid: true, expires at: 1786445740044
[debug] [2026-08-11T09:55:41.060Z] >>> [apiv2][query] GET https://firebase.googleapis.com/v1beta1/projects pageSize=1000
[debug] [2026-08-11T09:55:42.237Z] <<< [apiv2][status] GET https://firebase.googleapis.com/v1beta1/projects 200
[debug] [2026-08-11T09:55:42.237Z] <<< [apiv2][body] GET https://firebase.googleapis.com/v1beta1/projects [omitted]
[debug] [2026-08-11T09:55:49.020Z] E0811 09:55:49.019982   30960 watch.go:40] Failed to load config from "/Users/dynamo/Desktop/Dev/react/nek-studios/dataconnect": could not find dataconnect.yaml in `/Users/dynamo/Desktop/Dev/react/nek-studios/dataconnect`
 {"metadata":{"emulator":{"name":"dataconnect"},"message":"E0811 09:55:49.019982   30960 watch.go:40] Failed to load config from \"/Users/dynamo/Desktop/Dev/react/nek-studios/dataconnect\": could not find dataconnect.yaml in `/Users/dynamo/Desktop/Dev/react/nek-studios/dataconnect`\n"}}
[error] [Firebase Plugin] error:  {}
[debug] [2026-08-11T09:55:59.018Z] E0811 09:55:59.018601   30960 watch.go:40] Failed to load config from "/Users/dynamo/Desktop/Dev/react/nek-studios/dataconnect": could not find dataconnect.yaml in `/Users/dynamo/Desktop/Dev/react/nek-studios/dataconnect`
 {"metadata":{"emulator":{"name":"dataconnect"},"message":"E0811 09:55:59.018601   30960 watch.go:40] Failed to load config from \"/Users/dynamo/Desktop/Dev/react/nek-studios/dataconnect\": could not find dataconnect.yaml in `/Users/dynamo/Desktop/Dev/react/nek-studios/dataconnect`\n"}}
[debug] [2026-08-11T09:56:09.018Z] E0811 09:56:09.018277   30960 watch.go:40] Failed to load config from "/Users/dynamo/Desktop/Dev/react/nek-studios/dataconnect": could not find dataconnect.yaml in `/Users/dynamo/Desktop/Dev/react/nek-studios/dataconnect`
 {"metadata":{"emulator":{"name":"dataconnect"},"message":"E0811 09:56:09.018277   30960 watch.go:40] Failed to load config from \"/Users/dynamo/Desktop/Dev/react/nek-studios/dataconnect\": could not find dataconnect.yaml in `/Users/dynamo/Desktop/Dev/react/nek-studios/dataconnect`\n"}}
[debug] [2026-08-11T09:56:19.017Z] E0811 09:56:19.017688   30960 watch.go:40] Failed to load config from "/Users/dynamo/Desktop/Dev/react/nek-studios/dataconnect": could not find dataconnect.yaml in `/Users/dynamo/Desktop/Dev/react/nek-studios/dataconnect`
 {"metadata":{"emulator":{"name":"dataconnect"},"message":"E0811 09:56:19.017688   30960 watch.go:40] Failed to load config from \"/Users/dynamo/Desktop/Dev/react/nek-studios/dataconnect\": could not find dataconnect.yaml in `/Users/dynamo/Desktop/Dev/react/nek-studios/dataconnect`\n"}}
[debug] [2026-08-11T09:56:29.018Z] E0811 09:56:29.017955   30960 watch.go:40] Failed to load config from "/Users/dynamo/Desktop/Dev/react/nek-studios/dataconnect": could not find dataconnect.yaml in `/Users/dynamo/Desktop/Dev/react/nek-studios/dataconnect`
 {"metadata":{"emulator":{"name":"dataconnect"},"message":"E0811 09:56:29.017955   30960 watch.go:40] Failed to load config from \"/Users/dynamo/Desktop/Dev/react/nek-studios/dataconnect\": could not find dataconnect.yaml in `/Users/dynamo/Desktop/Dev/react/nek-studios/dataconnect`\n"}}
[debug] [2026-08-11T09:56:39.017Z] E0811 09:56:39.017330   30960 watch.go:116] watchAllDir unable to walk dir `/Users/dynamo/Desktop/Dev/react/nek-studios/dataconnect`: lstat /Users/dynamo/Desktop/Dev/react/nek-studios/dataconnect: no such file or directory
E0811 09:56:39.017373   30960 watch.go:40] Failed to load config from "/Users/dynamo/Desktop/Dev/react/nek-studios/dataconnect": could not find dataconnect.yaml in `/Users/dynamo/Desktop/Dev/react/nek-studios/dataconnect`
 {"metadata":{"emulator":{"name":"dataconnect"},"message":"E0811 09:56:39.017330   30960 watch.go:116] watchAllDir unable to walk dir `/Users/dynamo/Desktop/Dev/react/nek-studios/dataconnect`: lstat /Users/dynamo/Desktop/Dev/react/nek-studios/dataconnect: no such file or directory\nE0811 09:56:39.017373   30960 watch.go:40] Failed to load config from \"/Users/dynamo/Desktop/Dev/react/nek-studios/dataconnect\": could not find dataconnect.yaml in `/Users/dynamo/Desktop/Dev/react/nek-studios/dataconnect`\n"}}
[debug] [2026-08-11T09:56:49.017Z] E0811 09:56:49.017685   30960 watch.go:40] Failed to load config from "/Users/dynamo/Desktop/Dev/react/nek-studios/dataconnect": could not find dataconnect.yaml in `/Users/dynamo/Desktop/Dev/react/nek-studios/dataconnect`
 {"metadata":{"emulator":{"name":"dataconnect"},"message":"E0811 09:56:49.017685   30960 watch.go:40] Failed to load config from \"/Users/dynamo/Desktop/Dev/react/nek-studios/dataconnect\": could not find dataconnect.yaml in `/Users/dynamo/Desktop/Dev/react/nek-studios/dataconnect`\n"}}
[debug] [2026-08-11T09:56:59.017Z] E0811 09:56:59.016995   30960 watch.go:40] Failed to load config from "/Users/dynamo/Desktop/Dev/react/nek-studios/dataconnect": could not find dataconnect.yaml in `/Users/dynamo/Desktop/Dev/react/nek-studios/dataconnect`
 {"metadata":{"emulator":{"name":"dataconnect"},"message":"E0811 09:56:59.016995   30960 watch.go:40] Failed to load config from \"/Users/dynamo/Desktop/Dev/react/nek-studios/dataconnect\": could not find dataconnect.yaml in `/Users/dynamo/Desktop/Dev/react/nek-studios/dataconnect`\n"}}
[debug] [2026-08-11T09:57:09.020Z] E0811 09:57:09.017288   30960 watch.go:40] Failed to load config from "/Users/dynamo/Desktop/Dev/react/nek-studios/dataconnect": could not find dataconnect.yaml in `/Users/dynamo/Desktop/Dev/react/nek-studios/dataconnect`
 {"metadata":{"emulator":{"name":"dataconnect"},"message":"E0811 09:57:09.017288   30960 watch.go:40] Failed to load config from \"/Users/dynamo/Desktop/Dev/react/nek-studios/dataconnect\": could not find dataconnect.yaml in `/Users/dynamo/Desktop/Dev/react/nek-studios/dataconnect`\n"}}
[debug] [2026-08-11T09:57:19.020Z] E0811 09:57:19.016829   30960 watch.go:40] Failed to load config from "/Users/dynamo/Desktop/Dev/react/nek-studios/dataconnect": could not find dataconnect.yaml in `/Users/dynamo/Desktop/Dev/react/nek-studios/dataconnect`
 {"metadata":{"emulator":{"name":"dataconnect"},"message":"E0811 09:57:19.016829   30960 watch.go:40] Failed to load config from \"/Users/dynamo/Desktop/Dev/react/nek-studios/dataconnect\": could not find dataconnect.yaml in `/Users/dynamo/Desktop/Dev/react/nek-studios/dataconnect`\n"}}
[debug] [2026-08-11T09:57:29.017Z] E0811 09:57:29.017059   30960 watch.go:40] Failed to load config from "/Users/dynamo/Desktop/Dev/react/nek-studios/dataconnect": could not find dataconnect.yaml in `/Users/dynamo/Desktop/Dev/react/nek-studios/dataconnect`
 {"metadata":{"emulator":{"name":"dataconnect"},"message":"E0811 09:57:29.017059   30960 watch.go:40] Failed to load config from \"/Users/dynamo/Desktop/Dev/react/nek-studios/dataconnect\": could not find dataconnect.yaml in `/Users/dynamo/Desktop/Dev/react/nek-studios/dataconnect`\n"}}
[debug] [2026-08-11T09:57:39.016Z] E0811 09:57:39.016490   30960 watch.go:116] watchAllDir unable to walk dir `/Users/dynamo/Desktop/Dev/react/nek-studios/dataconnect`: lstat /Users/dynamo/Desktop/Dev/react/nek-studios/dataconnect: no such file or directory
E0811 09:57:39.016520   30960 watch.go:40] Failed to load config from "/Users/dynamo/Desktop/Dev/react/nek-studios/dataconnect": could not find dataconnect.yaml in `/Users/dynamo/Desktop/Dev/react/nek-studios/dataconnect`
 {"metadata":{"emulator":{"name":"dataconnect"},"message":"E0811 09:57:39.016490   30960 watch.go:116] watchAllDir unable to walk dir `/Users/dynamo/Desktop/Dev/react/nek-studios/dataconnect`: lstat /Users/dynamo/Desktop/Dev/react/nek-studios/dataconnect: no such file or directory\nE0811 09:57:39.016520   30960 watch.go:40] Failed to load config from \"/Users/dynamo/Desktop/Dev/react/nek-studios/dataconnect\": could not find dataconnect.yaml in `/Users/dynamo/Desktop/Dev/react/nek-studios/dataconnect`\n"}}
[debug] [2026-08-11T09:57:49.017Z] E0811 09:57:49.016458   30960 watch.go:40] Failed to load config from "/Users/dynamo/Desktop/Dev/react/nek-studios/dataconnect": could not find dataconnect.yaml in `/Users/dynamo/Desktop/Dev/react/nek-studios/dataconnect`
 {"metadata":{"emulator":{"name":"dataconnect"},"message":"E0811 09:57:49.016458   30960 watch.go:40] Failed to load config from \"/Users/dynamo/Desktop/Dev/react/nek-studios/dataconnect\": could not find dataconnect.yaml in `/Users/dynamo/Desktop/Dev/react/nek-studios/dataconnect`\n"}}
[debug] [2026-08-11T09:57:59.016Z] E0811 09:57:59.016344   30960 watch.go:40] Failed to load config from "/Users/dynamo/Desktop/Dev/react/nek-studios/dataconnect": could not find dataconnect.yaml in `/Users/dynamo/Desktop/Dev/react/nek-studios/dataconnect`
 {"metadata":{"emulator":{"name":"dataconnect"},"message":"E0811 09:57:59.016344   30960 watch.go:40] Failed to load config from \"/Users/dynamo/Desktop/Dev/react/nek-studios/dataconnect\": could not find dataconnect.yaml in `/Users/dynamo/Desktop/Dev/react/nek-studios/dataconnect`\n"}}
[debug] [2026-08-11T09:58:09.026Z] E0811 09:58:09.016059   30960 watch.go:40] Failed to load config from "/Users/dynamo/Desktop/Dev/react/nek-studios/dataconnect": could not find dataconnect.yaml in `/Users/dynamo/Desktop/Dev/react/nek-studios/dataconnect`
 {"metadata":{"emulator":{"name":"dataconnect"},"message":"E0811 09:58:09.016059   30960 watch.go:40] Failed to load config from \"/Users/dynamo/Desktop/Dev/react/nek-studios/dataconnect\": could not find dataconnect.yaml in `/Users/dynamo/Desktop/Dev/react/nek-studios/dataconnect`\n"}}
[debug] [2026-08-11T09:58:19.016Z] E0811 09:58:19.015611   30960 watch.go:40] Failed to load config from "/Users/dynamo/Desktop/Dev/react/nek-studios/dataconnect": could not find dataconnect.yaml in `/Users/dynamo/Desktop/Dev/react/nek-studios/dataconnect`
 {"metadata":{"emulator":{"name":"dataconnect"},"message":"E0811 09:58:19.015611   30960 watch.go:40] Failed to load config from \"/Users/dynamo/Desktop/Dev/react/nek-studios/dataconnect\": could not find dataconnect.yaml in `/Users/dynamo/Desktop/Dev/react/nek-studios/dataconnect`\n"}}
[debug] [2026-08-11T09:58:29.020Z] E0811 09:58:29.015113   30960 watch.go:40] Failed to load config from "/Users/dynamo/Desktop/Dev/react/nek-studios/dataconnect": could not find dataconnect.yaml in `/Users/dynamo/Desktop/Dev/react/nek-studios/dataconnect`
 {"metadata":{"emulator":{"name":"dataconnect"},"message":"E0811 09:58:29.015113   30960 watch.go:40] Failed to load config from \"/Users/dynamo/Desktop/Dev/react/nek-studios/dataconnect\": could not find dataconnect.yaml in `/Users/dynamo/Desktop/Dev/react/nek-studios/dataconnect`\n"}}
[debug] [2026-08-11T09:58:39.015Z] E0811 09:58:39.015575   30960 watch.go:116] watchAllDir unable to walk dir `/Users/dynamo/Desktop/Dev/react/nek-studios/dataconnect`: lstat /Users/dynamo/Desktop/Dev/react/nek-studios/dataconnect: no such file or directory
 {"metadata":{"emulator":{"name":"dataconnect"},"message":"E0811 09:58:39.015575   30960 watch.go:116] watchAllDir unable to walk dir `/Users/dynamo/Desktop/Dev/react/nek-studios/dataconnect`: lstat /Users/dynamo/Desktop/Dev/react/nek-studios/dataconnect: no such file or directory\n"}}
[debug] [2026-08-11T09:58:39.016Z] E0811 09:58:39.015663   30960 watch.go:40] Failed to load config from "/Users/dynamo/Desktop/Dev/react/nek-studios/dataconnect": could not find dataconnect.yaml in `/Users/dynamo/Desktop/Dev/react/nek-studios/dataconnect`
 {"metadata":{"emulator":{"name":"dataconnect"},"message":"E0811 09:58:39.015663   30960 watch.go:40] Failed to load config from \"/Users/dynamo/Desktop/Dev/react/nek-studios/dataconnect\": could not find dataconnect.yaml in `/Users/dynamo/Desktop/Dev/react/nek-studios/dataconnect`\n"}}
[debug] [2026-08-11T09:58:49.014Z] E0811 09:58:49.014572   30960 watch.go:40] Failed to load config from "/Users/dynamo/Desktop/Dev/react/nek-studios/dataconnect": could not find dataconnect.yaml in `/Users/dynamo/Desktop/Dev/react/nek-studios/dataconnect`
 {"metadata":{"emulator":{"name":"dataconnect"},"message":"E0811 09:58:49.014572   30960 watch.go:40] Failed to load config from \"/Users/dynamo/Desktop/Dev/react/nek-studios/dataconnect\": could not find dataconnect.yaml in `/Users/dynamo/Desktop/Dev/react/nek-studios/dataconnect`\n"}}
[debug] [2026-08-11T09:58:59.034Z] E0811 09:58:59.029968   30960 watch.go:40] Failed to load config from "/Users/dynamo/Desktop/Dev/react/nek-studios/dataconnect": could not find dataconnect.yaml in `/Users/dynamo/Desktop/Dev/react/nek-studios/dataconnect`
 {"metadata":{"emulator":{"name":"dataconnect"},"message":"E0811 09:58:59.029968   30960 watch.go:40] Failed to load config from \"/Users/dynamo/Desktop/Dev/react/nek-studios/dataconnect\": could not find dataconnect.yaml in `/Users/dynamo/Desktop/Dev/react/nek-studios/dataconnect`\n"}}
[debug] [2026-08-11T09:59:09.608Z] E0811 09:59:09.507404   30960 watch.go:40] Failed to load config from "/Users/dynamo/Desktop/Dev/react/nek-studios/dataconnect": could not find dataconnect.yaml in `/Users/dynamo/Desktop/Dev/react/nek-studios/dataconnect`
 {"metadata":{"emulator":{"name":"dataconnect"},"message":"E0811 09:59:09.507404   30960 watch.go:40] Failed to load config from \"/Users/dynamo/Desktop/Dev/react/nek-studios/dataconnect\": could not find dataconnect.yaml in `/Users/dynamo/Desktop/Dev/react/nek-studios/dataconnect`\n"}}
[debug] [2026-08-11T09:59:19.016Z] E0811 09:59:19.015909   30960 watch.go:40] Failed to load config from "/Users/dynamo/Desktop/Dev/react/nek-studios/dataconnect": could not find dataconnect.yaml in `/Users/dynamo/Desktop/Dev/react/nek-studios/dataconnect`
 {"metadata":{"emulator":{"name":"dataconnect"},"message":"E0811 09:59:19.015909   30960 watch.go:40] Failed to load config from \"/Users/dynamo/Desktop/Dev/react/nek-studios/dataconnect\": could not find dataconnect.yaml in `/Users/dynamo/Desktop/Dev/react/nek-studios/dataconnect`\n"}}
[debug] [2026-08-11T09:59:29.015Z] E0811 09:59:29.014838   30960 watch.go:40] Failed to load config from "/Users/dynamo/Desktop/Dev/react/nek-studios/dataconnect": could not find dataconnect.yaml in `/Users/dynamo/Desktop/Dev/react/nek-studios/dataconnect`
 {"metadata":{"emulator":{"name":"dataconnect"},"message":"E0811 09:59:29.014838   30960 watch.go:40] Failed to load config from \"/Users/dynamo/Desktop/Dev/react/nek-studios/dataconnect\": could not find dataconnect.yaml in `/Users/dynamo/Desktop/Dev/react/nek-studios/dataconnect`\n"}}
[debug] [2026-08-11T09:59:39.022Z] E0811 09:59:39.015113   30960 watch.go:116] watchAllDir unable to walk dir `/Users/dynamo/Desktop/Dev/react/nek-studios/dataconnect`: lstat /Users/dynamo/Desktop/Dev/react/nek-studios/dataconnect: no such file or directory
E0811 09:59:39.015386   30960 watch.go:40] Failed to load config from "/Users/dynamo/Desktop/Dev/react/nek-studios/dataconnect": could not find dataconnect.yaml in `/Users/dynamo/Desktop/Dev/react/nek-studios/dataconnect`
 {"metadata":{"emulator":{"name":"dataconnect"},"message":"E0811 09:59:39.015113   30960 watch.go:116] watchAllDir unable to walk dir `/Users/dynamo/Desktop/Dev/react/nek-studios/dataconnect`: lstat /Users/dynamo/Desktop/Dev/react/nek-studios/dataconnect: no such file or directory\nE0811 09:59:39.015386   30960 watch.go:40] Failed to load config from \"/Users/dynamo/Desktop/Dev/react/nek-studios/dataconnect\": could not find dataconnect.yaml in `/Users/dynamo/Desktop/Dev/react/nek-studios/dataconnect`\n"}}
[debug] [2026-08-11T09:59:49.023Z] E0811 09:59:49.020620   30960 watch.go:40] Failed to load config from "/Users/dynamo/Desktop/Dev/react/nek-studios/dataconnect": could not find dataconnect.yaml in `/Users/dynamo/Desktop/Dev/react/nek-studios/dataconnect`
 {"metadata":{"emulator":{"name":"dataconnect"},"message":"E0811 09:59:49.020620   30960 watch.go:40] Failed to load config from \"/Users/dynamo/Desktop/Dev/react/nek-studios/dataconnect\": could not find dataconnect.yaml in `/Users/dynamo/Desktop/Dev/react/nek-studios/dataconnect`\n"}}
[debug] [2026-08-11T09:59:59.014Z] E0811 09:59:59.014096   30960 watch.go:40] Failed to load config from "/Users/dynamo/Desktop/Dev/react/nek-studios/dataconnect": could not find dataconnect.yaml in `/Users/dynamo/Desktop/Dev/react/nek-studios/dataconnect`
 {"metadata":{"emulator":{"name":"dataconnect"},"message":"E0811 09:59:59.014096   30960 watch.go:40] Failed to load config from \"/Users/dynamo/Desktop/Dev/react/nek-studios/dataconnect\": could not find dataconnect.yaml in `/Users/dynamo/Desktop/Dev/react/nek-studios/dataconnect`\n"}}
[debug] [2026-08-11T10:00:09.013Z] E0811 10:00:09.013828   30960 watch.go:40] Failed to load config from "/Users/dynamo/Desktop/Dev/react/nek-studios/dataconnect": could not find dataconnect.yaml in `/Users/dynamo/Desktop/Dev/react/nek-studios/dataconnect`
 {"metadata":{"emulator":{"name":"dataconnect"},"message":"E0811 10:00:09.013828   30960 watch.go:40] Failed to load config from \"/Users/dynamo/Desktop/Dev/react/nek-studios/dataconnect\": could not find dataconnect.yaml in `/Users/dynamo/Desktop/Dev/react/nek-studios/dataconnect`\n"}}
[debug] [2026-08-11T10:00:19.013Z] E0811 10:00:19.013687   30960 watch.go:40] Failed to load config from "/Users/dynamo/Desktop/Dev/react/nek-studios/dataconnect": could not find dataconnect.yaml in `/Users/dynamo/Desktop/Dev/react/nek-studios/dataconnect`
 {"metadata":{"emulator":{"name":"dataconnect"},"message":"E0811 10:00:19.013687   30960 watch.go:40] Failed to load config from \"/Users/dynamo/Desktop/Dev/react/nek-studios/dataconnect\": could not find dataconnect.yaml in `/Users/dynamo/Desktop/Dev/react/nek-studios/dataconnect`\n"}}
[debug] [2026-08-11T10:00:29.013Z] E0811 10:00:29.013507   30960 watch.go:40] Failed to load config from "/Users/dynamo/Desktop/Dev/react/nek-studios/dataconnect": could not find dataconnect.yaml in `/Users/dynamo/Desktop/Dev/react/nek-studios/dataconnect`
 {"metadata":{"emulator":{"name":"dataconnect"},"message":"E0811 10:00:29.013507   30960 watch.go:40] Failed to load config from \"/Users/dynamo/Desktop/Dev/react/nek-studios/dataconnect\": could not find dataconnect.yaml in `/Users/dynamo/Desktop/Dev/react/nek-studios/dataconnect`\n"}}
[debug] [2026-08-11T10:00:39.013Z] E0811 10:00:39.013364   30960 watch.go:40] Failed to load config from "/Users/dynamo/Desktop/Dev/react/nek-studios/dataconnect": could not find dataconnect.yaml in `/Users/dynamo/Desktop/Dev/react/nek-studios/dataconnect`
E0811 10:00:39.013320   30960 watch.go:116] watchAllDir unable to walk dir `/Users/dynamo/Desktop/Dev/react/nek-studios/dataconnect`: lstat /Users/dynamo/Desktop/Dev/react/nek-studios/dataconnect: no such file or directory
 {"metadata":{"emulator":{"name":"dataconnect"},"message":"E0811 10:00:39.013364   30960 watch.go:40] Failed to load config from \"/Users/dynamo/Desktop/Dev/react/nek-studios/dataconnect\": could not find dataconnect.yaml in `/Users/dynamo/Desktop/Dev/react/nek-studios/dataconnect`\nE0811 10:00:39.013320   30960 watch.go:116] watchAllDir unable to walk dir `/Users/dynamo/Desktop/Dev/react/nek-studios/dataconnect`: lstat /Users/dynamo/Desktop/Dev/react/nek-studios/dataconnect: no such file or directory\n"}}
[debug] [2026-08-11T10:00:49.013Z] E0811 10:00:49.013180   30960 watch.go:40] Failed to load config from "/Users/dynamo/Desktop/Dev/react/nek-studios/dataconnect": could not find dataconnect.yaml in `/Users/dynamo/Desktop/Dev/react/nek-studios/dataconnect`
 {"metadata":{"emulator":{"name":"dataconnect"},"message":"E0811 10:00:49.013180   30960 watch.go:40] Failed to load config from \"/Users/dynamo/Desktop/Dev/react/nek-studios/dataconnect\": could not find dataconnect.yaml in `/Users/dynamo/Desktop/Dev/react/nek-studios/dataconnect`\n"}}
[debug] [2026-08-11T10:00:59.015Z] E0811 10:00:59.012991   30960 watch.go:40] Failed to load config from "/Users/dynamo/Desktop/Dev/react/nek-studios/dataconnect": could not find dataconnect.yaml in `/Users/dynamo/Desktop/Dev/react/nek-studios/dataconnect`
 {"metadata":{"emulator":{"name":"dataconnect"},"message":"E0811 10:00:59.012991   30960 watch.go:40] Failed to load config from \"/Users/dynamo/Desktop/Dev/react/nek-studios/dataconnect\": could not find dataconnect.yaml in `/Users/dynamo/Desktop/Dev/react/nek-studios/dataconnect`\n"}}
[debug] [2026-08-11T10:01:09.012Z] E0811 10:01:09.012759   30960 watch.go:40] Failed to load config from "/Users/dynamo/Desktop/Dev/react/nek-studios/dataconnect": could not find dataconnect.yaml in `/Users/dynamo/Desktop/Dev/react/nek-studios/dataconnect`
 {"metadata":{"emulator":{"name":"dataconnect"},"message":"E0811 10:01:09.012759   30960 watch.go:40] Failed to load config from \"/Users/dynamo/Desktop/Dev/react/nek-studios/dataconnect\": could not find dataconnect.yaml in `/Users/dynamo/Desktop/Dev/react/nek-studios/dataconnect`\n"}}
[debug] [2026-08-11T10:01:19.012Z] E0811 10:01:19.012530   30960 watch.go:40] Failed to load config from "/Users/dynamo/Desktop/Dev/react/nek-studios/dataconnect": could not find dataconnect.yaml in `/Users/dynamo/Desktop/Dev/react/nek-studios/dataconnect`
 {"metadata":{"emulator":{"name":"dataconnect"},"message":"E0811 10:01:19.012530   30960 watch.go:40] Failed to load config from \"/Users/dynamo/Desktop/Dev/react/nek-studios/dataconnect\": could not find dataconnect.yaml in `/Users/dynamo/Desktop/Dev/react/nek-studios/dataconnect`\n"}}
[debug] [2026-08-11T10:01:29.012Z] E0811 10:01:29.012414   30960 watch.go:40] Failed to load config from "/Users/dynamo/Desktop/Dev/react/nek-studios/dataconnect": could not find dataconnect.yaml in `/Users/dynamo/Desktop/Dev/react/nek-studios/dataconnect`
 {"metadata":{"emulator":{"name":"dataconnect"},"message":"E0811 10:01:29.012414   30960 watch.go:40] Failed to load config from \"/Users/dynamo/Desktop/Dev/react/nek-studios/dataconnect\": could not find dataconnect.yaml in `/Users/dynamo/Desktop/Dev/react/nek-studios/dataconnect`\n"}}
[debug] [2026-08-11T10:01:39.012Z] E0811 10:01:39.012285   30960 watch.go:40] Failed to load config from "/Users/dynamo/Desktop/Dev/react/nek-studios/dataconnect": could not find dataconnect.yaml in `/Users/dynamo/Desktop/Dev/react/nek-studios/dataconnect`
 {"metadata":{"emulator":{"name":"dataconnect"},"message":"E0811 10:01:39.012285   30960 watch.go:40] Failed to load config from \"/Users/dynamo/Desktop/Dev/react/nek-studios/dataconnect\": could not find dataconnect.yaml in `/Users/dynamo/Desktop/Dev/react/nek-studios/dataconnect`\n"}}
[debug] [2026-08-11T10:01:39.013Z] E0811 10:01:39.012184   30960 watch.go:116] watchAllDir unable to walk dir `/Users/dynamo/Desktop/Dev/react/nek-studios/dataconnect`: lstat /Users/dynamo/Desktop/Dev/react/nek-studios/dataconnect: no such file or directory
 {"metadata":{"emulator":{"name":"dataconnect"},"message":"E0811 10:01:39.012184   30960 watch.go:116] watchAllDir unable to walk dir `/Users/dynamo/Desktop/Dev/react/nek-studios/dataconnect`: lstat /Users/dynamo/Desktop/Dev/react/nek-studios/dataconnect: no such file or directory\n"}}
[debug] [2026-08-11T10:01:49.011Z] E0811 10:01:49.011233   30960 watch.go:40] Failed to load config from "/Users/dynamo/Desktop/Dev/react/nek-studios/dataconnect": could not find dataconnect.yaml in `/Users/dynamo/Desktop/Dev/react/nek-studios/dataconnect`
 {"metadata":{"emulator":{"name":"dataconnect"},"message":"E0811 10:01:49.011233   30960 watch.go:40] Failed to load config from \"/Users/dynamo/Desktop/Dev/react/nek-studios/dataconnect\": could not find dataconnect.yaml in `/Users/dynamo/Desktop/Dev/react/nek-studios/dataconnect`\n"}}
[debug] [2026-08-11T10:01:59.012Z] E0811 10:01:59.012117   30960 watch.go:40] Failed to load config from "/Users/dynamo/Desktop/Dev/react/nek-studios/dataconnect": could not find dataconnect.yaml in `/Users/dynamo/Desktop/Dev/react/nek-studios/dataconnect`
 {"metadata":{"emulator":{"name":"dataconnect"},"message":"E0811 10:01:59.012117   30960 watch.go:40] Failed to load config from \"/Users/dynamo/Desktop/Dev/react/nek-studios/dataconnect\": could not find dataconnect.yaml in `/Users/dynamo/Desktop/Dev/react/nek-studios/dataconnect`\n"}}
[debug] [2026-08-11T10:02:09.011Z] E0811 10:02:09.011606   30960 watch.go:40] Failed to load config from "/Users/dynamo/Desktop/Dev/react/nek-studios/dataconnect": could not find dataconnect.yaml in `/Users/dynamo/Desktop/Dev/react/nek-studios/dataconnect`
 {"metadata":{"emulator":{"name":"dataconnect"},"message":"E0811 10:02:09.011606   30960 watch.go:40] Failed to load config from \"/Users/dynamo/Desktop/Dev/react/nek-studios/dataconnect\": could not find dataconnect.yaml in `/Users/dynamo/Desktop/Dev/react/nek-studios/dataconnect`\n"}}
[debug] [2026-08-11T10:02:19.011Z] E0811 10:02:19.010904   30960 watch.go:40] Failed to load config from "/Users/dynamo/Desktop/Dev/react/nek-studios/dataconnect": could not find dataconnect.yaml in `/Users/dynamo/Desktop/Dev/react/nek-studios/dataconnect`
 {"metadata":{"emulator":{"name":"dataconnect"},"message":"E0811 10:02:19.010904   30960 watch.go:40] Failed to load config from \"/Users/dynamo/Desktop/Dev/react/nek-studios/dataconnect\": could not find dataconnect.yaml in `/Users/dynamo/Desktop/Dev/react/nek-studios/dataconnect`\n"}}
[debug] [2026-08-11T10:02:29.028Z] E0811 10:02:29.025758   30960 watch.go:40] Failed to load config from "/Users/dynamo/Desktop/Dev/react/nek-studios/dataconnect": could not find dataconnect.yaml in `/Users/dynamo/Desktop/Dev/react/nek-studios/dataconnect`
 {"metadata":{"emulator":{"name":"dataconnect"},"message":"E0811 10:02:29.025758   30960 watch.go:40] Failed to load config from \"/Users/dynamo/Desktop/Dev/react/nek-studios/dataconnect\": could not find dataconnect.yaml in `/Users/dynamo/Desktop/Dev/react/nek-studios/dataconnect`\n"}}
[debug] [2026-08-11T10:02:39.063Z] E0811 10:02:39.060666   30960 watch.go:116] watchAllDir unable to walk dir `/Users/dynamo/Desktop/Dev/react/nek-studios/dataconnect`: lstat /Users/dynamo/Desktop/Dev/react/nek-studios/dataconnect: no such file or directory
E0811 10:02:39.060843   30960 watch.go:40] Failed to load config from "/Users/dynamo/Desktop/Dev/react/nek-studios/dataconnect": could not find dataconnect.yaml in `/Users/dynamo/Desktop/Dev/react/nek-studios/dataconnect`
 {"metadata":{"emulator":{"name":"dataconnect"},"message":"E0811 10:02:39.060666   30960 watch.go:116] watchAllDir unable to walk dir `/Users/dynamo/Desktop/Dev/react/nek-studios/dataconnect`: lstat /Users/dynamo/Desktop/Dev/react/nek-studios/dataconnect: no such file or directory\nE0811 10:02:39.060843   30960 watch.go:40] Failed to load config from \"/Users/dynamo/Desktop/Dev/react/nek-studios/dataconnect\": could not find dataconnect.yaml in `/Users/dynamo/Desktop/Dev/react/nek-studios/dataconnect`\n"}}
[debug] [2026-08-11T10:02:49.010Z] E0811 10:02:49.010686   30960 watch.go:40] Failed to load config from "/Users/dynamo/Desktop/Dev/react/nek-studios/dataconnect": could not find dataconnect.yaml in `/Users/dynamo/Desktop/Dev/react/nek-studios/dataconnect`
 {"metadata":{"emulator":{"name":"dataconnect"},"message":"E0811 10:02:49.010686   30960 watch.go:40] Failed to load config from \"/Users/dynamo/Desktop/Dev/react/nek-studios/dataconnect\": could not find dataconnect.yaml in `/Users/dynamo/Desktop/Dev/react/nek-studios/dataconnect`\n"}}
[debug] [2026-08-11T10:02:59.028Z] E0811 10:02:59.027394   30960 watch.go:40] Failed to load config from "/Users/dynamo/Desktop/Dev/react/nek-studios/dataconnect": could not find dataconnect.yaml in `/Users/dynamo/Desktop/Dev/react/nek-studios/dataconnect`
 {"metadata":{"emulator":{"name":"dataconnect"},"message":"E0811 10:02:59.027394   30960 watch.go:40] Failed to load config from \"/Users/dynamo/Desktop/Dev/react/nek-studios/dataconnect\": could not find dataconnect.yaml in `/Users/dynamo/Desktop/Dev/react/nek-studios/dataconnect`\n"}}
[debug] [2026-08-11T10:03:09.027Z] E0811 10:03:09.025478   30960 watch.go:40] Failed to load config from "/Users/dynamo/Desktop/Dev/react/nek-studios/dataconnect": could not find dataconnect.yaml in `/Users/dynamo/Desktop/Dev/react/nek-studios/dataconnect`
 {"metadata":{"emulator":{"name":"dataconnect"},"message":"E0811 10:03:09.025478   30960 watch.go:40] Failed to load config from \"/Users/dynamo/Desktop/Dev/react/nek-studios/dataconnect\": could not find dataconnect.yaml in `/Users/dynamo/Desktop/Dev/react/nek-studios/dataconnect`\n"}}
[debug] [2026-08-11T10:03:19.010Z] E0811 10:03:19.010338   30960 watch.go:40] Failed to load config from "/Users/dynamo/Desktop/Dev/react/nek-studios/dataconnect": could not find dataconnect.yaml in `/Users/dynamo/Desktop/Dev/react/nek-studios/dataconnect`
 {"metadata":{"emulator":{"name":"dataconnect"},"message":"E0811 10:03:19.010338   30960 watch.go:40] Failed to load config from \"/Users/dynamo/Desktop/Dev/react/nek-studios/dataconnect\": could not find dataconnect.yaml in `/Users/dynamo/Desktop/Dev/react/nek-studios/dataconnect`\n"}}
[debug] [2026-08-11T10:03:29.009Z] E0811 10:03:29.009377   30960 watch.go:40] Failed to load config from "/Users/dynamo/Desktop/Dev/react/nek-studios/dataconnect": could not find dataconnect.yaml in `/Users/dynamo/Desktop/Dev/react/nek-studios/dataconnect`
 {"metadata":{"emulator":{"name":"dataconnect"},"message":"E0811 10:03:29.009377   30960 watch.go:40] Failed to load config from \"/Users/dynamo/Desktop/Dev/react/nek-studios/dataconnect\": could not find dataconnect.yaml in `/Users/dynamo/Desktop/Dev/react/nek-studios/dataconnect`\n"}}
[debug] [2026-08-11T10:03:39.010Z] E0811 10:03:39.010138   30960 watch.go:116] watchAllDir unable to walk dir `/Users/dynamo/Desktop/Dev/react/nek-studios/dataconnect`: lstat /Users/dynamo/Desktop/Dev/react/nek-studios/dataconnect: no such file or directory
E0811 10:03:39.010240   30960 watch.go:40] Failed to load config from "/Users/dynamo/Desktop/Dev/react/nek-studios/dataconnect": could not find dataconnect.yaml in `/Users/dynamo/Desktop/Dev/react/nek-studios/dataconnect`
 {"metadata":{"emulator":{"name":"dataconnect"},"message":"E0811 10:03:39.010138   30960 watch.go:116] watchAllDir unable to walk dir `/Users/dynamo/Desktop/Dev/react/nek-studios/dataconnect`: lstat /Users/dynamo/Desktop/Dev/react/nek-studios/dataconnect: no such file or directory\nE0811 10:03:39.010240   30960 watch.go:40] Failed to load config from \"/Users/dynamo/Desktop/Dev/react/nek-studios/dataconnect\": could not find dataconnect.yaml in `/Users/dynamo/Desktop/Dev/react/nek-studios/dataconnect`\n"}}
[debug] [2026-08-11T10:03:49.012Z] E0811 10:03:49.010120   30960 watch.go:40] Failed to load config from "/Users/dynamo/Desktop/Dev/react/nek-studios/dataconnect": could not find dataconnect.yaml in `/Users/dynamo/Desktop/Dev/react/nek-studios/dataconnect`
 {"metadata":{"emulator":{"name":"dataconnect"},"message":"E0811 10:03:49.010120   30960 watch.go:40] Failed to load config from \"/Users/dynamo/Desktop/Dev/react/nek-studios/dataconnect\": could not find dataconnect.yaml in `/Users/dynamo/Desktop/Dev/react/nek-studios/dataconnect`\n"}}
[debug] [2026-08-11T10:03:59.028Z] E0811 10:03:59.019632   30960 watch.go:40] Failed to load config from "/Users/dynamo/Desktop/Dev/react/nek-studios/dataconnect": could not find dataconnect.yaml in `/Users/dynamo/Desktop/Dev/react/nek-studios/dataconnect`
 {"metadata":{"emulator":{"name":"dataconnect"},"message":"E0811 10:03:59.019632   30960 watch.go:40] Failed to load config from \"/Users/dynamo/Desktop/Dev/react/nek-studios/dataconnect\": could not find dataconnect.yaml in `/Users/dynamo/Desktop/Dev/react/nek-studios/dataconnect`\n"}}
[debug] [2026-08-11T10:04:09.011Z] E0811 10:04:09.009472   30960 watch.go:40] Failed to load config from "/Users/dynamo/Desktop/Dev/react/nek-studios/dataconnect": could not find dataconnect.yaml in `/Users/dynamo/Desktop/Dev/react/nek-studios/dataconnect`
 {"metadata":{"emulator":{"name":"dataconnect"},"message":"E0811 10:04:09.009472   30960 watch.go:40] Failed to load config from \"/Users/dynamo/Desktop/Dev/react/nek-studios/dataconnect\": could not find dataconnect.yaml in `/Users/dynamo/Desktop/Dev/react/nek-studios/dataconnect`\n"}}
[debug] [2026-08-11T10:04:19.012Z] E0811 10:04:19.012349   30960 watch.go:40] Failed to load config from "/Users/dynamo/Desktop/Dev/react/nek-studios/dataconnect": could not find dataconnect.yaml in `/Users/dynamo/Desktop/Dev/react/nek-studios/dataconnect`
 {"metadata":{"emulator":{"name":"dataconnect"},"message":"E0811 10:04:19.012349   30960 watch.go:40] Failed to load config from \"/Users/dynamo/Desktop/Dev/react/nek-studios/dataconnect\": could not find dataconnect.yaml in `/Users/dynamo/Desktop/Dev/react/nek-studios/dataconnect`\n"}}
[debug] [2026-08-11T10:04:29.009Z] E0811 10:04:29.009247   30960 watch.go:40] Failed to load config from "/Users/dynamo/Desktop/Dev/react/nek-studios/dataconnect": could not find dataconnect.yaml in `/Users/dynamo/Desktop/Dev/react/nek-studios/dataconnect`
 {"metadata":{"emulator":{"name":"dataconnect"},"message":"E0811 10:04:29.009247   30960 watch.go:40] Failed to load config from \"/Users/dynamo/Desktop/Dev/react/nek-studios/dataconnect\": could not find dataconnect.yaml in `/Users/dynamo/Desktop/Dev/react/nek-studios/dataconnect`\n"}}
[debug] [2026-08-11T10:04:39.008Z] E0811 10:04:39.008890   30960 watch.go:40] Failed to load config from "/Users/dynamo/Desktop/Dev/react/nek-studios/dataconnect": could not find dataconnect.yaml in `/Users/dynamo/Desktop/Dev/react/nek-studios/dataconnect`
 {"metadata":{"emulator":{"name":"dataconnect"},"message":"E0811 10:04:39.008890   30960 watch.go:40] Failed to load config from \"/Users/dynamo/Desktop/Dev/react/nek-studios/dataconnect\": could not find dataconnect.yaml in `/Users/dynamo/Desktop/Dev/react/nek-studios/dataconnect`\n"}}
[debug] [2026-08-11T10:04:39.009Z] E0811 10:04:39.008856   30960 watch.go:116] watchAllDir unable to walk dir `/Users/dynamo/Desktop/Dev/react/nek-studios/dataconnect`: lstat /Users/dynamo/Desktop/Dev/react/nek-studios/dataconnect: no such file or directory
 {"metadata":{"emulator":{"name":"dataconnect"},"message":"E0811 10:04:39.008856   30960 watch.go:116] watchAllDir unable to walk dir `/Users/dynamo/Desktop/Dev/react/nek-studios/dataconnect`: lstat /Users/dynamo/Desktop/Dev/react/nek-studios/dataconnect: no such file or directory\n"}}
[debug] [2026-08-11T10:04:49.009Z] E0811 10:04:49.008659   30960 watch.go:40] Failed to load config from "/Users/dynamo/Desktop/Dev/react/nek-studios/dataconnect": could not find dataconnect.yaml in `/Users/dynamo/Desktop/Dev/react/nek-studios/dataconnect`
 {"metadata":{"emulator":{"name":"dataconnect"},"message":"E0811 10:04:49.008659   30960 watch.go:40] Failed to load config from \"/Users/dynamo/Desktop/Dev/react/nek-studios/dataconnect\": could not find dataconnect.yaml in `/Users/dynamo/Desktop/Dev/react/nek-studios/dataconnect`\n"}}
[debug] [2026-08-11T10:04:59.008Z] E0811 10:04:59.008566   30960 watch.go:40] Failed to load config from "/Users/dynamo/Desktop/Dev/react/nek-studios/dataconnect": could not find dataconnect.yaml in `/Users/dynamo/Desktop/Dev/react/nek-studios/dataconnect`
 {"metadata":{"emulator":{"name":"dataconnect"},"message":"E0811 10:04:59.008566   30960 watch.go:40] Failed to load config from \"/Users/dynamo/Desktop/Dev/react/nek-studios/dataconnect\": could not find dataconnect.yaml in `/Users/dynamo/Desktop/Dev/react/nek-studios/dataconnect`\n"}}
[debug] [2026-08-11T10:05:09.011Z] E0811 10:05:09.008348   30960 watch.go:40] Failed to load config from "/Users/dynamo/Desktop/Dev/react/nek-studios/dataconnect": could not find dataconnect.yaml in `/Users/dynamo/Desktop/Dev/react/nek-studios/dataconnect`
 {"metadata":{"emulator":{"name":"dataconnect"},"message":"E0811 10:05:09.008348   30960 watch.go:40] Failed to load config from \"/Users/dynamo/Desktop/Dev/react/nek-studios/dataconnect\": could not find dataconnect.yaml in `/Users/dynamo/Desktop/Dev/react/nek-studios/dataconnect`\n"}}
[debug] [2026-08-11T10:05:19.015Z] E0811 10:05:19.007782   30960 watch.go:40] Failed to load config from "/Users/dynamo/Desktop/Dev/react/nek-studios/dataconnect": could not find dataconnect.yaml in `/Users/dynamo/Desktop/Dev/react/nek-studios/dataconnect`
 {"metadata":{"emulator":{"name":"dataconnect"},"message":"E0811 10:05:19.007782   30960 watch.go:40] Failed to load config from \"/Users/dynamo/Desktop/Dev/react/nek-studios/dataconnect\": could not find dataconnect.yaml in `/Users/dynamo/Desktop/Dev/react/nek-studios/dataconnect`\n"}}
[debug] [2026-08-11T10:05:29.010Z] E0811 10:05:29.008693   30960 watch.go:40] Failed to load config from "/Users/dynamo/Desktop/Dev/react/nek-studios/dataconnect": could not find dataconnect.yaml in `/Users/dynamo/Desktop/Dev/react/nek-studios/dataconnect`
 {"metadata":{"emulator":{"name":"dataconnect"},"message":"E0811 10:05:29.008693   30960 watch.go:40] Failed to load config from \"/Users/dynamo/Desktop/Dev/react/nek-studios/dataconnect\": could not find dataconnect.yaml in `/Users/dynamo/Desktop/Dev/react/nek-studios/dataconnect`\n"}}
[debug] [2026-08-11T10:05:39.008Z] E0811 10:05:39.007918   30960 watch.go:40] Failed to load config from "/Users/dynamo/Desktop/Dev/react/nek-studios/dataconnect": could not find dataconnect.yaml in `/Users/dynamo/Desktop/Dev/react/nek-studios/dataconnect`
 {"metadata":{"emulator":{"name":"dataconnect"},"message":"E0811 10:05:39.007918   30960 watch.go:40] Failed to load config from \"/Users/dynamo/Desktop/Dev/react/nek-studios/dataconnect\": could not find dataconnect.yaml in `/Users/dynamo/Desktop/Dev/react/nek-studios/dataconnect`\n"}}
[debug] [2026-08-11T10:05:39.008Z] E0811 10:05:39.007870   30960 watch.go:116] watchAllDir unable to walk dir `/Users/dynamo/Desktop/Dev/react/nek-studios/dataconnect`: lstat /Users/dynamo/Desktop/Dev/react/nek-studios/dataconnect: no such file or directory
 {"metadata":{"emulator":{"name":"dataconnect"},"message":"E0811 10:05:39.007870   30960 watch.go:116] watchAllDir unable to walk dir `/Users/dynamo/Desktop/Dev/react/nek-studios/dataconnect`: lstat /Users/dynamo/Desktop/Dev/react/nek-studios/dataconnect: no such file or directory\n"}}
[debug] [2026-08-11T10:05:49.008Z] E0811 10:05:49.007876   30960 watch.go:40] Failed to load config from "/Users/dynamo/Desktop/Dev/react/nek-studios/dataconnect": could not find dataconnect.yaml in `/Users/dynamo/Desktop/Dev/react/nek-studios/dataconnect`
 {"metadata":{"emulator":{"name":"dataconnect"},"message":"E0811 10:05:49.007876   30960 watch.go:40] Failed to load config from \"/Users/dynamo/Desktop/Dev/react/nek-studios/dataconnect\": could not find dataconnect.yaml in `/Users/dynamo/Desktop/Dev/react/nek-studios/dataconnect`\n"}}
[debug] [2026-08-11T10:05:59.008Z] E0811 10:05:59.007676   30960 watch.go:40] Failed to load config from "/Users/dynamo/Desktop/Dev/react/nek-studios/dataconnect": could not find dataconnect.yaml in `/Users/dynamo/Desktop/Dev/react/nek-studios/dataconnect`
 {"metadata":{"emulator":{"name":"dataconnect"},"message":"E0811 10:05:59.007676   30960 watch.go:40] Failed to load config from \"/Users/dynamo/Desktop/Dev/react/nek-studios/dataconnect\": could not find dataconnect.yaml in `/Users/dynamo/Desktop/Dev/react/nek-studios/dataconnect`\n"}}
[debug] [2026-08-11T10:06:09.007Z] E0811 10:06:09.007366   30960 watch.go:40] Failed to load config from "/Users/dynamo/Desktop/Dev/react/nek-studios/dataconnect": could not find dataconnect.yaml in `/Users/dynamo/Desktop/Dev/react/nek-studios/dataconnect`
 {"metadata":{"emulator":{"name":"dataconnect"},"message":"E0811 10:06:09.007366   30960 watch.go:40] Failed to load config from \"/Users/dynamo/Desktop/Dev/react/nek-studios/dataconnect\": could not find dataconnect.yaml in `/Users/dynamo/Desktop/Dev/react/nek-studios/dataconnect`\n"}}
[debug] [2026-08-11T10:06:19.009Z] E0811 10:06:19.007490   30960 watch.go:40] Failed to load config from "/Users/dynamo/Desktop/Dev/react/nek-studios/dataconnect": could not find dataconnect.yaml in `/Users/dynamo/Desktop/Dev/react/nek-studios/dataconnect`
 {"metadata":{"emulator":{"name":"dataconnect"},"message":"E0811 10:06:19.007490   30960 watch.go:40] Failed to load config from \"/Users/dynamo/Desktop/Dev/react/nek-studios/dataconnect\": could not find dataconnect.yaml in `/Users/dynamo/Desktop/Dev/react/nek-studios/dataconnect`\n"}}
[debug] [2026-08-11T10:06:29.009Z] E0811 10:06:29.006994   30960 watch.go:40] Failed to load config from "/Users/dynamo/Desktop/Dev/react/nek-studios/dataconnect": could not find dataconnect.yaml in `/Users/dynamo/Desktop/Dev/react/nek-studios/dataconnect`
 {"metadata":{"emulator":{"name":"dataconnect"},"message":"E0811 10:06:29.006994   30960 watch.go:40] Failed to load config from \"/Users/dynamo/Desktop/Dev/react/nek-studios/dataconnect\": could not find dataconnect.yaml in `/Users/dynamo/Desktop/Dev/react/nek-studios/dataconnect`\n"}}
[debug] [2026-08-11T10:06:39.007Z] E0811 10:06:39.006799   30960 watch.go:40] Failed to load config from "/Users/dynamo/Desktop/Dev/react/nek-studios/dataconnect": could not find dataconnect.yaml in `/Users/dynamo/Desktop/Dev/react/nek-studios/dataconnect`
E0811 10:06:39.006775   30960 watch.go:116] watchAllDir unable to walk dir `/Users/dynamo/Desktop/Dev/react/nek-studios/dataconnect`: lstat /Users/dynamo/Desktop/Dev/react/nek-studios/dataconnect: no such file or directory
 {"metadata":{"emulator":{"name":"dataconnect"},"message":"E0811 10:06:39.006799   30960 watch.go:40] Failed to load config from \"/Users/dynamo/Desktop/Dev/react/nek-studios/dataconnect\": could not find dataconnect.yaml in `/Users/dynamo/Desktop/Dev/react/nek-studios/dataconnect`\nE0811 10:06:39.006775   30960 watch.go:116] watchAllDir unable to walk dir `/Users/dynamo/Desktop/Dev/react/nek-studios/dataconnect`: lstat /Users/dynamo/Desktop/Dev/react/nek-studios/dataconnect: no such file or directory\n"}}
[debug] [2026-08-11T10:06:49.006Z] E0811 10:06:49.006573   30960 watch.go:40] Failed to load config from "/Users/dynamo/Desktop/Dev/react/nek-studios/dataconnect": could not find dataconnect.yaml in `/Users/dynamo/Desktop/Dev/react/nek-studios/dataconnect`
 {"metadata":{"emulator":{"name":"dataconnect"},"message":"E0811 10:06:49.006573   30960 watch.go:40] Failed to load config from \"/Users/dynamo/Desktop/Dev/react/nek-studios/dataconnect\": could not find dataconnect.yaml in `/Users/dynamo/Desktop/Dev/react/nek-studios/dataconnect`\n"}}
[debug] [2026-08-11T10:06:59.006Z] E0811 10:06:59.006151   30960 watch.go:40] Failed to load config from "/Users/dynamo/Desktop/Dev/react/nek-studios/dataconnect": could not find dataconnect.yaml in `/Users/dynamo/Desktop/Dev/react/nek-studios/dataconnect`
 {"metadata":{"emulator":{"name":"dataconnect"},"message":"E0811 10:06:59.006151   30960 watch.go:40] Failed to load config from \"/Users/dynamo/Desktop/Dev/react/nek-studios/dataconnect\": could not find dataconnect.yaml in `/Users/dynamo/Desktop/Dev/react/nek-studios/dataconnect`\n"}}
[debug] [2026-08-11T10:07:09.006Z] E0811 10:07:09.006139   30960 watch.go:40] Failed to load config from "/Users/dynamo/Desktop/Dev/react/nek-studios/dataconnect": could not find dataconnect.yaml in `/Users/dynamo/Desktop/Dev/react/nek-studios/dataconnect`
 {"metadata":{"emulator":{"name":"dataconnect"},"message":"E0811 10:07:09.006139   30960 watch.go:40] Failed to load config from \"/Users/dynamo/Desktop/Dev/react/nek-studios/dataconnect\": could not find dataconnect.yaml in `/Users/dynamo/Desktop/Dev/react/nek-studios/dataconnect`\n"}}
[debug] [2026-08-11T10:07:19.006Z] E0811 10:07:19.006232   30960 watch.go:40] Failed to load config from "/Users/dynamo/Desktop/Dev/react/nek-studios/dataconnect": could not find dataconnect.yaml in `/Users/dynamo/Desktop/Dev/react/nek-studios/dataconnect`
 {"metadata":{"emulator":{"name":"dataconnect"},"message":"E0811 10:07:19.006232   30960 watch.go:40] Failed to load config from \"/Users/dynamo/Desktop/Dev/react/nek-studios/dataconnect\": could not find dataconnect.yaml in `/Users/dynamo/Desktop/Dev/react/nek-studios/dataconnect`\n"}}
[debug] [2026-08-11T10:07:29.005Z] E0811 10:07:29.005708   30960 watch.go:40] Failed to load config from "/Users/dynamo/Desktop/Dev/react/nek-studios/dataconnect": could not find dataconnect.yaml in `/Users/dynamo/Desktop/Dev/react/nek-studios/dataconnect`
 {"metadata":{"emulator":{"name":"dataconnect"},"message":"E0811 10:07:29.005708   30960 watch.go:40] Failed to load config from \"/Users/dynamo/Desktop/Dev/react/nek-studios/dataconnect\": could not find dataconnect.yaml in `/Users/dynamo/Desktop/Dev/react/nek-studios/dataconnect`\n"}}
[debug] [2026-08-11T10:07:39.005Z] E0811 10:07:39.005562   30960 watch.go:40] Failed to load config from "/Users/dynamo/Desktop/Dev/react/nek-studios/dataconnect": could not find dataconnect.yaml in `/Users/dynamo/Desktop/Dev/react/nek-studios/dataconnect`
E0811 10:07:39.005562   30960 watch.go:116] watchAllDir unable to walk dir `/Users/dynamo/Desktop/Dev/react/nek-studios/dataconnect`: lstat /Users/dynamo/Desktop/Dev/react/nek-studios/dataconnect: no such file or directory
 {"metadata":{"emulator":{"name":"dataconnect"},"message":"E0811 10:07:39.005562   30960 watch.go:40] Failed to load config from \"/Users/dynamo/Desktop/Dev/react/nek-studios/dataconnect\": could not find dataconnect.yaml in `/Users/dynamo/Desktop/Dev/react/nek-studios/dataconnect`\nE0811 10:07:39.005562   30960 watch.go:116] watchAllDir unable to walk dir `/Users/dynamo/Desktop/Dev/react/nek-studios/dataconnect`: lstat /Users/dynamo/Desktop/Dev/react/nek-studios/dataconnect: no such file or directory\n"}}
[debug] [2026-08-11T10:07:49.005Z] E0811 10:07:49.005474   30960 watch.go:40] Failed to load config from "/Users/dynamo/Desktop/Dev/react/nek-studios/dataconnect": could not find dataconnect.yaml in `/Users/dynamo/Desktop/Dev/react/nek-studios/dataconnect`
 {"metadata":{"emulator":{"name":"dataconnect"},"message":"E0811 10:07:49.005474   30960 watch.go:40] Failed to load config from \"/Users/dynamo/Desktop/Dev/react/nek-studios/dataconnect\": could not find dataconnect.yaml in `/Users/dynamo/Desktop/Dev/react/nek-studios/dataconnect`\n"}}
[debug] [2026-08-11T10:07:59.012Z] E0811 10:07:59.005263   30960 watch.go:40] Failed to load config from "/Users/dynamo/Desktop/Dev/react/nek-studios/dataconnect": could not find dataconnect.yaml in `/Users/dynamo/Desktop/Dev/react/nek-studios/dataconnect`
 {"metadata":{"emulator":{"name":"dataconnect"},"message":"E0811 10:07:59.005263   30960 watch.go:40] Failed to load config from \"/Users/dynamo/Desktop/Dev/react/nek-studios/dataconnect\": could not find dataconnect.yaml in `/Users/dynamo/Desktop/Dev/react/nek-studios/dataconnect`\n"}}
[debug] [2026-08-11T10:08:09.009Z] E0811 10:08:09.008893   30960 watch.go:40] Failed to load config from "/Users/dynamo/Desktop/Dev/react/nek-studios/dataconnect": could not find dataconnect.yaml in `/Users/dynamo/Desktop/Dev/react/nek-studios/dataconnect`
 {"metadata":{"emulator":{"name":"dataconnect"},"message":"E0811 10:08:09.008893   30960 watch.go:40] Failed to load config from \"/Users/dynamo/Desktop/Dev/react/nek-studios/dataconnect\": could not find dataconnect.yaml in `/Users/dynamo/Desktop/Dev/react/nek-studios/dataconnect`\n"}}
[debug] [2026-08-11T10:08:19.005Z] E0811 10:08:19.004863   30960 watch.go:40] Failed to load config from "/Users/dynamo/Desktop/Dev/react/nek-studios/dataconnect": could not find dataconnect.yaml in `/Users/dynamo/Desktop/Dev/react/nek-studios/dataconnect`
 {"metadata":{"emulator":{"name":"dataconnect"},"message":"E0811 10:08:19.004863   30960 watch.go:40] Failed to load config from \"/Users/dynamo/Desktop/Dev/react/nek-studios/dataconnect\": could not find dataconnect.yaml in `/Users/dynamo/Desktop/Dev/react/nek-studios/dataconnect`\n"}}
[debug] [2026-08-11T10:08:29.005Z] E0811 10:08:29.004723   30960 watch.go:40] Failed to load config from "/Users/dynamo/Desktop/Dev/react/nek-studios/dataconnect": could not find dataconnect.yaml in `/Users/dynamo/Desktop/Dev/react/nek-studios/dataconnect`
 {"metadata":{"emulator":{"name":"dataconnect"},"message":"E0811 10:08:29.004723   30960 watch.go:40] Failed to load config from \"/Users/dynamo/Desktop/Dev/react/nek-studios/dataconnect\": could not find dataconnect.yaml in `/Users/dynamo/Desktop/Dev/react/nek-studios/dataconnect`\n"}}
[debug] [2026-08-11T10:08:39.004Z] E0811 10:08:39.004446   30960 watch.go:40] Failed to load config from "/Users/dynamo/Desktop/Dev/react/nek-studios/dataconnect": could not find dataconnect.yaml in `/Users/dynamo/Desktop/Dev/react/nek-studios/dataconnect`
 {"metadata":{"emulator":{"name":"dataconnect"},"message":"E0811 10:08:39.004446   30960 watch.go:40] Failed to load config from \"/Users/dynamo/Desktop/Dev/react/nek-studios/dataconnect\": could not find dataconnect.yaml in `/Users/dynamo/Desktop/Dev/react/nek-studios/dataconnect`\n"}}
[debug] [2026-08-11T10:08:39.005Z] E0811 10:08:39.004445   30960 watch.go:116] watchAllDir unable to walk dir `/Users/dynamo/Desktop/Dev/react/nek-studios/dataconnect`: lstat /Users/dynamo/Desktop/Dev/react/nek-studios/dataconnect: no such file or directory
 {"metadata":{"emulator":{"name":"dataconnect"},"message":"E0811 10:08:39.004445   30960 watch.go:116] watchAllDir unable to walk dir `/Users/dynamo/Desktop/Dev/react/nek-studios/dataconnect`: lstat /Users/dynamo/Desktop/Dev/react/nek-studios/dataconnect: no such file or directory\n"}}
[debug] [2026-08-11T10:08:49.004Z] E0811 10:08:49.004336   30960 watch.go:40] Failed to load config from "/Users/dynamo/Desktop/Dev/react/nek-studios/dataconnect": could not find dataconnect.yaml in `/Users/dynamo/Desktop/Dev/react/nek-studios/dataconnect`
 {"metadata":{"emulator":{"name":"dataconnect"},"message":"E0811 10:08:49.004336   30960 watch.go:40] Failed to load config from \"/Users/dynamo/Desktop/Dev/react/nek-studios/dataconnect\": could not find dataconnect.yaml in `/Users/dynamo/Desktop/Dev/react/nek-studios/dataconnect`\n"}}
[debug] [2026-08-11T10:08:59.004Z] E0811 10:08:59.004056   30960 watch.go:40] Failed to load config from "/Users/dynamo/Desktop/Dev/react/nek-studios/dataconnect": could not find dataconnect.yaml in `/Users/dynamo/Desktop/Dev/react/nek-studios/dataconnect`
 {"metadata":{"emulator":{"name":"dataconnect"},"message":"E0811 10:08:59.004056   30960 watch.go:40] Failed to load config from \"/Users/dynamo/Desktop/Dev/react/nek-studios/dataconnect\": could not find dataconnect.yaml in `/Users/dynamo/Desktop/Dev/react/nek-studios/dataconnect`\n"}}
[debug] [2026-08-11T10:09:09.004Z] E0811 10:09:09.003883   30960 watch.go:40] Failed to load config from "/Users/dynamo/Desktop/Dev/react/nek-studios/dataconnect": could not find dataconnect.yaml in `/Users/dynamo/Desktop/Dev/react/nek-studios/dataconnect`
 {"metadata":{"emulator":{"name":"dataconnect"},"message":"E0811 10:09:09.003883   30960 watch.go:40] Failed to load config from \"/Users/dynamo/Desktop/Dev/react/nek-studios/dataconnect\": could not find dataconnect.yaml in `/Users/dynamo/Desktop/Dev/react/nek-studios/dataconnect`\n"}}
[debug] [2026-08-11T10:09:19.003Z] E0811 10:09:19.003753   30960 watch.go:40] Failed to load config from "/Users/dynamo/Desktop/Dev/react/nek-studios/dataconnect": could not find dataconnect.yaml in `/Users/dynamo/Desktop/Dev/react/nek-studios/dataconnect`
 {"metadata":{"emulator":{"name":"dataconnect"},"message":"E0811 10:09:19.003753   30960 watch.go:40] Failed to load config from \"/Users/dynamo/Desktop/Dev/react/nek-studios/dataconnect\": could not find dataconnect.yaml in `/Users/dynamo/Desktop/Dev/react/nek-studios/dataconnect`\n"}}
[debug] [2026-08-11T10:09:29.003Z] E0811 10:09:29.003511   30960 watch.go:40] Failed to load config from "/Users/dynamo/Desktop/Dev/react/nek-studios/dataconnect": could not find dataconnect.yaml in `/Users/dynamo/Desktop/Dev/react/nek-studios/dataconnect`
 {"metadata":{"emulator":{"name":"dataconnect"},"message":"E0811 10:09:29.003511   30960 watch.go:40] Failed to load config from \"/Users/dynamo/Desktop/Dev/react/nek-studios/dataconnect\": could not find dataconnect.yaml in `/Users/dynamo/Desktop/Dev/react/nek-studios/dataconnect`\n"}}
[debug] [2026-08-11T10:09:39.003Z] E0811 10:09:39.003374   30960 watch.go:40] Failed to load config from "/Users/dynamo/Desktop/Dev/react/nek-studios/dataconnect": could not find dataconnect.yaml in `/Users/dynamo/Desktop/Dev/react/nek-studios/dataconnect`
 {"metadata":{"emulator":{"name":"dataconnect"},"message":"E0811 10:09:39.003374   30960 watch.go:40] Failed to load config from \"/Users/dynamo/Desktop/Dev/react/nek-studios/dataconnect\": could not find dataconnect.yaml in `/Users/dynamo/Desktop/Dev/react/nek-studios/dataconnect`\n"}}
[debug] [2026-08-11T10:09:39.003Z] E0811 10:09:39.003389   30960 watch.go:116] watchAllDir unable to walk dir `/Users/dynamo/Desktop/Dev/react/nek-studios/dataconnect`: lstat /Users/dynamo/Desktop/Dev/react/nek-studios/dataconnect: no such file or directory
 {"metadata":{"emulator":{"name":"dataconnect"},"message":"E0811 10:09:39.003389   30960 watch.go:116] watchAllDir unable to walk dir `/Users/dynamo/Desktop/Dev/react/nek-studios/dataconnect`: lstat /Users/dynamo/Desktop/Dev/react/nek-studios/dataconnect: no such file or directory\n"}}
[debug] [2026-08-11T10:09:49.014Z] E0811 10:09:49.009306   30960 watch.go:40] Failed to load config from "/Users/dynamo/Desktop/Dev/react/nek-studios/dataconnect": could not find dataconnect.yaml in `/Users/dynamo/Desktop/Dev/react/nek-studios/dataconnect`
 {"metadata":{"emulator":{"name":"dataconnect"},"message":"E0811 10:09:49.009306   30960 watch.go:40] Failed to load config from \"/Users/dynamo/Desktop/Dev/react/nek-studios/dataconnect\": could not find dataconnect.yaml in `/Users/dynamo/Desktop/Dev/react/nek-studios/dataconnect`\n"}}
[debug] [2026-08-11T10:09:59.003Z] E0811 10:09:59.002777   30960 watch.go:40] Failed to load config from "/Users/dynamo/Desktop/Dev/react/nek-studios/dataconnect": could not find dataconnect.yaml in `/Users/dynamo/Desktop/Dev/react/nek-studios/dataconnect`
 {"metadata":{"emulator":{"name":"dataconnect"},"message":"E0811 10:09:59.002777   30960 watch.go:40] Failed to load config from \"/Users/dynamo/Desktop/Dev/react/nek-studios/dataconnect\": could not find dataconnect.yaml in `/Users/dynamo/Desktop/Dev/react/nek-studios/dataconnect`\n"}}
[debug] [2026-08-11T10:10:09.003Z] E0811 10:10:09.003336   30960 watch.go:40] Failed to load config from "/Users/dynamo/Desktop/Dev/react/nek-studios/dataconnect": could not find dataconnect.yaml in `/Users/dynamo/Desktop/Dev/react/nek-studios/dataconnect`
 {"metadata":{"emulator":{"name":"dataconnect"},"message":"E0811 10:10:09.003336   30960 watch.go:40] Failed to load config from \"/Users/dynamo/Desktop/Dev/react/nek-studios/dataconnect\": could not find dataconnect.yaml in `/Users/dynamo/Desktop/Dev/react/nek-studios/dataconnect`\n"}}
[debug] [2026-08-11T10:10:19.005Z] E0811 10:10:19.004548   30960 watch.go:40] Failed to load config from "/Users/dynamo/Desktop/Dev/react/nek-studios/dataconnect": could not find dataconnect.yaml in `/Users/dynamo/Desktop/Dev/react/nek-studios/dataconnect`
 {"metadata":{"emulator":{"name":"dataconnect"},"message":"E0811 10:10:19.004548   30960 watch.go:40] Failed to load config from \"/Users/dynamo/Desktop/Dev/react/nek-studios/dataconnect\": could not find dataconnect.yaml in `/Users/dynamo/Desktop/Dev/react/nek-studios/dataconnect`\n"}}
[debug] [2026-08-11T10:10:29.002Z] E0811 10:10:29.002413   30960 watch.go:40] Failed to load config from "/Users/dynamo/Desktop/Dev/react/nek-studios/dataconnect": could not find dataconnect.yaml in `/Users/dynamo/Desktop/Dev/react/nek-studios/dataconnect`
 {"metadata":{"emulator":{"name":"dataconnect"},"message":"E0811 10:10:29.002413   30960 watch.go:40] Failed to load config from \"/Users/dynamo/Desktop/Dev/react/nek-studios/dataconnect\": could not find dataconnect.yaml in `/Users/dynamo/Desktop/Dev/react/nek-studios/dataconnect`\n"}}
[debug] [2026-08-11T10:10:39.002Z] E0811 10:10:39.002299   30960 watch.go:40] Failed to load config from "/Users/dynamo/Desktop/Dev/react/nek-studios/dataconnect": could not find dataconnect.yaml in `/Users/dynamo/Desktop/Dev/react/nek-studios/dataconnect`
 {"metadata":{"emulator":{"name":"dataconnect"},"message":"E0811 10:10:39.002299   30960 watch.go:40] Failed to load config from \"/Users/dynamo/Desktop/Dev/react/nek-studios/dataconnect\": could not find dataconnect.yaml in `/Users/dynamo/Desktop/Dev/react/nek-studios/dataconnect`\n"}}
[debug] [2026-08-11T10:10:39.003Z] E0811 10:10:39.002229   30960 watch.go:116] watchAllDir unable to walk dir `/Users/dynamo/Desktop/Dev/react/nek-studios/dataconnect`: lstat /Users/dynamo/Desktop/Dev/react/nek-studios/dataconnect: no such file or directory
 {"metadata":{"emulator":{"name":"dataconnect"},"message":"E0811 10:10:39.002229   30960 watch.go:116] watchAllDir unable to walk dir `/Users/dynamo/Desktop/Dev/react/nek-studios/dataconnect`: lstat /Users/dynamo/Desktop/Dev/react/nek-studios/dataconnect: no such file or directory\n"}}
[debug] [2026-08-11T10:10:49.002Z] E0811 10:10:49.002071   30960 watch.go:40] Failed to load config from "/Users/dynamo/Desktop/Dev/react/nek-studios/dataconnect": could not find dataconnect.yaml in `/Users/dynamo/Desktop/Dev/react/nek-studios/dataconnect`
 {"metadata":{"emulator":{"name":"dataconnect"},"message":"E0811 10:10:49.002071   30960 watch.go:40] Failed to load config from \"/Users/dynamo/Desktop/Dev/react/nek-studios/dataconnect\": could not find dataconnect.yaml in `/Users/dynamo/Desktop/Dev/react/nek-studios/dataconnect`\n"}}
[debug] [2026-08-11T10:10:59.001Z] E0811 10:10:59.001834   30960 watch.go:40] Failed to load config from "/Users/dynamo/Desktop/Dev/react/nek-studios/dataconnect": could not find dataconnect.yaml in `/Users/dynamo/Desktop/Dev/react/nek-studios/dataconnect`
 {"metadata":{"emulator":{"name":"dataconnect"},"message":"E0811 10:10:59.001834   30960 watch.go:40] Failed to load config from \"/Users/dynamo/Desktop/Dev/react/nek-studios/dataconnect\": could not find dataconnect.yaml in `/Users/dynamo/Desktop/Dev/react/nek-studios/dataconnect`\n"}}
[debug] [2026-08-11T10:11:09.001Z] E0811 10:11:09.001644   30960 watch.go:40] Failed to load config from "/Users/dynamo/Desktop/Dev/react/nek-studios/dataconnect": could not find dataconnect.yaml in `/Users/dynamo/Desktop/Dev/react/nek-studios/dataconnect`
 {"metadata":{"emulator":{"name":"dataconnect"},"message":"E0811 10:11:09.001644   30960 watch.go:40] Failed to load config from \"/Users/dynamo/Desktop/Dev/react/nek-studios/dataconnect\": could not find dataconnect.yaml in `/Users/dynamo/Desktop/Dev/react/nek-studios/dataconnect`\n"}}
[debug] [2026-08-11T10:11:19.001Z] E0811 10:11:19.001481   30960 watch.go:40] Failed to load config from "/Users/dynamo/Desktop/Dev/react/nek-studios/dataconnect": could not find dataconnect.yaml in `/Users/dynamo/Desktop/Dev/react/nek-studios/dataconnect`
 {"metadata":{"emulator":{"name":"dataconnect"},"message":"E0811 10:11:19.001481   30960 watch.go:40] Failed to load config from \"/Users/dynamo/Desktop/Dev/react/nek-studios/dataconnect\": could not find dataconnect.yaml in `/Users/dynamo/Desktop/Dev/react/nek-studios/dataconnect`\n"}}
[debug] [2026-08-11T10:11:29.031Z] E0811 10:11:29.005324   30960 watch.go:40] Failed to load config from "/Users/dynamo/Desktop/Dev/react/nek-studios/dataconnect": could not find dataconnect.yaml in `/Users/dynamo/Desktop/Dev/react/nek-studios/dataconnect`
 {"metadata":{"emulator":{"name":"dataconnect"},"message":"E0811 10:11:29.005324   30960 watch.go:40] Failed to load config from \"/Users/dynamo/Desktop/Dev/react/nek-studios/dataconnect\": could not find dataconnect.yaml in `/Users/dynamo/Desktop/Dev/react/nek-studios/dataconnect`\n"}}
[debug] [2026-08-11T10:11:39.001Z] E0811 10:11:39.001142   30960 watch.go:40] Failed to load config from "/Users/dynamo/Desktop/Dev/react/nek-studios/dataconnect": could not find dataconnect.yaml in `/Users/dynamo/Desktop/Dev/react/nek-studios/dataconnect`
E0811 10:11:39.001156   30960 watch.go:116] watchAllDir unable to walk dir `/Users/dynamo/Desktop/Dev/react/nek-studios/dataconnect`: lstat /Users/dynamo/Desktop/Dev/react/nek-studios/dataconnect: no such file or directory
 {"metadata":{"emulator":{"name":"dataconnect"},"message":"E0811 10:11:39.001142   30960 watch.go:40] Failed to load config from \"/Users/dynamo/Desktop/Dev/react/nek-studios/dataconnect\": could not find dataconnect.yaml in `/Users/dynamo/Desktop/Dev/react/nek-studios/dataconnect`\nE0811 10:11:39.001156   30960 watch.go:116] watchAllDir unable to walk dir `/Users/dynamo/Desktop/Dev/react/nek-studios/dataconnect`: lstat /Users/dynamo/Desktop/Dev/react/nek-studios/dataconnect: no such file or directory\n"}}
[debug] [2026-08-11T10:11:49.001Z] E0811 10:11:49.000922   30960 watch.go:40] Failed to load config from "/Users/dynamo/Desktop/Dev/react/nek-studios/dataconnect": could not find dataconnect.yaml in `/Users/dynamo/Desktop/Dev/react/nek-studios/dataconnect`
 {"metadata":{"emulator":{"name":"dataconnect"},"message":"E0811 10:11:49.000922   30960 watch.go:40] Failed to load config from \"/Users/dynamo/Desktop/Dev/react/nek-studios/dataconnect\": could not find dataconnect.yaml in `/Users/dynamo/Desktop/Dev/react/nek-studios/dataconnect`\n"}}
[debug] [2026-08-11T10:11:59.000Z] E0811 10:11:59.000755   30960 watch.go:40] Failed to load config from "/Users/dynamo/Desktop/Dev/react/nek-studios/dataconnect": could not find dataconnect.yaml in `/Users/dynamo/Desktop/Dev/react/nek-studios/dataconnect`
 {"metadata":{"emulator":{"name":"dataconnect"},"message":"E0811 10:11:59.000755   30960 watch.go:40] Failed to load config from \"/Users/dynamo/Desktop/Dev/react/nek-studios/dataconnect\": could not find dataconnect.yaml in `/Users/dynamo/Desktop/Dev/react/nek-studios/dataconnect`\n"}}
[debug] [2026-08-11T10:12:09.001Z] E0811 10:12:09.000642   30960 watch.go:40] Failed to load config from "/Users/dynamo/Desktop/Dev/react/nek-studios/dataconnect": could not find dataconnect.yaml in `/Users/dynamo/Desktop/Dev/react/nek-studios/dataconnect`
 {"metadata":{"emulator":{"name":"dataconnect"},"message":"E0811 10:12:09.000642   30960 watch.go:40] Failed to load config from \"/Users/dynamo/Desktop/Dev/react/nek-studios/dataconnect\": could not find dataconnect.yaml in `/Users/dynamo/Desktop/Dev/react/nek-studios/dataconnect`\n"}}
[debug] [2026-08-11T10:12:19.000Z] E0811 10:12:19.000455   30960 watch.go:40] Failed to load config from "/Users/dynamo/Desktop/Dev/react/nek-studios/dataconnect": could not find dataconnect.yaml in `/Users/dynamo/Desktop/Dev/react/nek-studios/dataconnect`
 {"metadata":{"emulator":{"name":"dataconnect"},"message":"E0811 10:12:19.000455   30960 watch.go:40] Failed to load config from \"/Users/dynamo/Desktop/Dev/react/nek-studios/dataconnect\": could not find dataconnect.yaml in `/Users/dynamo/Desktop/Dev/react/nek-studios/dataconnect`\n"}}
[debug] [2026-08-11T10:12:29.000Z] E0811 10:12:29.000000   30960 watch.go:40] Failed to load config from "/Users/dynamo/Desktop/Dev/react/nek-studios/dataconnect": could not find dataconnect.yaml in `/Users/dynamo/Desktop/Dev/react/nek-studios/dataconnect`
 {"metadata":{"emulator":{"name":"dataconnect"},"message":"E0811 10:12:29.000000   30960 watch.go:40] Failed to load config from \"/Users/dynamo/Desktop/Dev/react/nek-studios/dataconnect\": could not find dataconnect.yaml in `/Users/dynamo/Desktop/Dev/react/nek-studios/dataconnect`\n"}}
[debug] [2026-08-11T10:12:39.001Z] E0811 10:12:39.000109   30960 watch.go:40] Failed to load config from "/Users/dynamo/Desktop/Dev/react/nek-studios/dataconnect": could not find dataconnect.yaml in `/Users/dynamo/Desktop/Dev/react/nek-studios/dataconnect`
E0811 10:12:38.999994   30960 watch.go:116] watchAllDir unable to walk dir `/Users/dynamo/Desktop/Dev/react/nek-studios/dataconnect`: lstat /Users/dynamo/Desktop/Dev/react/nek-studios/dataconnect: no such file or directory
 {"metadata":{"emulator":{"name":"dataconnect"},"message":"E0811 10:12:39.000109   30960 watch.go:40] Failed to load config from \"/Users/dynamo/Desktop/Dev/react/nek-studios/dataconnect\": could not find dataconnect.yaml in `/Users/dynamo/Desktop/Dev/react/nek-studios/dataconnect`\nE0811 10:12:38.999994   30960 watch.go:116] watchAllDir unable to walk dir `/Users/dynamo/Desktop/Dev/react/nek-studios/dataconnect`: lstat /Users/dynamo/Desktop/Dev/react/nek-studios/dataconnect: no such file or directory\n"}}
[debug] [2026-08-11T10:12:49.001Z] E0811 10:12:49.000895   30960 watch.go:40] Failed to load config from "/Users/dynamo/Desktop/Dev/react/nek-studios/dataconnect": could not find dataconnect.yaml in `/Users/dynamo/Desktop/Dev/react/nek-studios/dataconnect`
 {"metadata":{"emulator":{"name":"dataconnect"},"message":"E0811 10:12:49.000895   30960 watch.go:40] Failed to load config from \"/Users/dynamo/Desktop/Dev/react/nek-studios/dataconnect\": could not find dataconnect.yaml in `/Users/dynamo/Desktop/Dev/react/nek-studios/dataconnect`\n"}}
[debug] [2026-08-11T10:12:58.999Z] E0811 10:12:58.999716   30960 watch.go:40] Failed to load config from "/Users/dynamo/Desktop/Dev/react/nek-studios/dataconnect": could not find dataconnect.yaml in `/Users/dynamo/Desktop/Dev/react/nek-studios/dataconnect`
 {"metadata":{"emulator":{"name":"dataconnect"},"message":"E0811 10:12:58.999716   30960 watch.go:40] Failed to load config from \"/Users/dynamo/Desktop/Dev/react/nek-studios/dataconnect\": could not find dataconnect.yaml in `/Users/dynamo/Desktop/Dev/react/nek-studios/dataconnect`\n"}}
[debug] [2026-08-11T10:13:08.999Z] E0811 10:13:08.999590   30960 watch.go:40] Failed to load config from "/Users/dynamo/Desktop/Dev/react/nek-studios/dataconnect": could not find dataconnect.yaml in `/Users/dynamo/Desktop/Dev/react/nek-studios/dataconnect`
 {"metadata":{"emulator":{"name":"dataconnect"},"message":"E0811 10:13:08.999590   30960 watch.go:40] Failed to load config from \"/Users/dynamo/Desktop/Dev/react/nek-studios/dataconnect\": could not find dataconnect.yaml in `/Users/dynamo/Desktop/Dev/react/nek-studios/dataconnect`\n"}}
[debug] [2026-08-11T10:13:18.999Z] E0811 10:13:18.999274   30960 watch.go:40] Failed to load config from "/Users/dynamo/Desktop/Dev/react/nek-studios/dataconnect": could not find dataconnect.yaml in `/Users/dynamo/Desktop/Dev/react/nek-studios/dataconnect`
 {"metadata":{"emulator":{"name":"dataconnect"},"message":"E0811 10:13:18.999274   30960 watch.go:40] Failed to load config from \"/Users/dynamo/Desktop/Dev/react/nek-studios/dataconnect\": could not find dataconnect.yaml in `/Users/dynamo/Desktop/Dev/react/nek-studios/dataconnect`\n"}}
[debug] [2026-08-11T10:13:29.007Z] E0811 10:13:28.999195   30960 watch.go:40] Failed to load config from "/Users/dynamo/Desktop/Dev/react/nek-studios/dataconnect": could not find dataconnect.yaml in `/Users/dynamo/Desktop/Dev/react/nek-studios/dataconnect`
 {"metadata":{"emulator":{"name":"dataconnect"},"message":"E0811 10:13:28.999195   30960 watch.go:40] Failed to load config from \"/Users/dynamo/Desktop/Dev/react/nek-studios/dataconnect\": could not find dataconnect.yaml in `/Users/dynamo/Desktop/Dev/react/nek-studios/dataconnect`\n"}}
[debug] [2026-08-11T10:13:38.999Z] E0811 10:13:38.998910   30960 watch.go:116] watchAllDir unable to walk dir `/Users/dynamo/Desktop/Dev/react/nek-studios/dataconnect`: lstat /Users/dynamo/Desktop/Dev/react/nek-studios/dataconnect: no such file or directory
 {"metadata":{"emulator":{"name":"dataconnect"},"message":"E0811 10:13:38.998910   30960 watch.go:116] watchAllDir unable to walk dir `/Users/dynamo/Desktop/Dev/react/nek-studios/dataconnect`: lstat /Users/dynamo/Desktop/Dev/react/nek-studios/dataconnect: no such file or directory\n"}}
[debug] [2026-08-11T10:13:38.999Z] E0811 10:13:38.999121   30960 watch.go:40] Failed to load config from "/Users/dynamo/Desktop/Dev/react/nek-studios/dataconnect": could not find dataconnect.yaml in `/Users/dynamo/Desktop/Dev/react/nek-studios/dataconnect`
 {"metadata":{"emulator":{"name":"dataconnect"},"message":"E0811 10:13:38.999121   30960 watch.go:40] Failed to load config from \"/Users/dynamo/Desktop/Dev/react/nek-studios/dataconnect\": could not find dataconnect.yaml in `/Users/dynamo/Desktop/Dev/react/nek-studios/dataconnect`\n"}}
[debug] [2026-08-11T10:13:48.999Z] E0811 10:13:48.998864   30960 watch.go:40] Failed to load config from "/Users/dynamo/Desktop/Dev/react/nek-studios/dataconnect": could not find dataconnect.yaml in `/Users/dynamo/Desktop/Dev/react/nek-studios/dataconnect`
 {"metadata":{"emulator":{"name":"dataconnect"},"message":"E0811 10:13:48.998864   30960 watch.go:40] Failed to load config from \"/Users/dynamo/Desktop/Dev/react/nek-studios/dataconnect\": could not find dataconnect.yaml in `/Users/dynamo/Desktop/Dev/react/nek-studios/dataconnect`\n"}}
[debug] [2026-08-11T10:13:58.998Z] E0811 10:13:58.998742   30960 watch.go:40] Failed to load config from "/Users/dynamo/Desktop/Dev/react/nek-studios/dataconnect": could not find dataconnect.yaml in `/Users/dynamo/Desktop/Dev/react/nek-studios/dataconnect`
 {"metadata":{"emulator":{"name":"dataconnect"},"message":"E0811 10:13:58.998742   30960 watch.go:40] Failed to load config from \"/Users/dynamo/Desktop/Dev/react/nek-studios/dataconnect\": could not find dataconnect.yaml in `/Users/dynamo/Desktop/Dev/react/nek-studios/dataconnect`\n"}}
[debug] [2026-08-11T10:14:08.999Z] E0811 10:14:08.998283   30960 watch.go:40] Failed to load config from "/Users/dynamo/Desktop/Dev/react/nek-studios/dataconnect": could not find dataconnect.yaml in `/Users/dynamo/Desktop/Dev/react/nek-studios/dataconnect`
 {"metadata":{"emulator":{"name":"dataconnect"},"message":"E0811 10:14:08.998283   30960 watch.go:40] Failed to load config from \"/Users/dynamo/Desktop/Dev/react/nek-studios/dataconnect\": could not find dataconnect.yaml in `/Users/dynamo/Desktop/Dev/react/nek-studios/dataconnect`\n"}}
[debug] [2026-08-11T10:14:18.999Z] E0811 10:14:18.999001   30960 watch.go:40] Failed to load config from "/Users/dynamo/Desktop/Dev/react/nek-studios/dataconnect": could not find dataconnect.yaml in `/Users/dynamo/Desktop/Dev/react/nek-studios/dataconnect`
 {"metadata":{"emulator":{"name":"dataconnect"},"message":"E0811 10:14:18.999001   30960 watch.go:40] Failed to load config from \"/Users/dynamo/Desktop/Dev/react/nek-studios/dataconnect\": could not find dataconnect.yaml in `/Users/dynamo/Desktop/Dev/react/nek-studios/dataconnect`\n"}}
[debug] [2026-08-11T10:14:28.998Z] E0811 10:14:28.998312   30960 watch.go:40] Failed to load config from "/Users/dynamo/Desktop/Dev/react/nek-studios/dataconnect": could not find dataconnect.yaml in `/Users/dynamo/Desktop/Dev/react/nek-studios/dataconnect`
 {"metadata":{"emulator":{"name":"dataconnect"},"message":"E0811 10:14:28.998312   30960 watch.go:40] Failed to load config from \"/Users/dynamo/Desktop/Dev/react/nek-studios/dataconnect\": could not find dataconnect.yaml in `/Users/dynamo/Desktop/Dev/react/nek-studios/dataconnect`\n"}}
[debug] [2026-08-11T10:14:38.998Z] E0811 10:14:38.996954   30960 watch.go:116] watchAllDir unable to walk dir `/Users/dynamo/Desktop/Dev/react/nek-studios/dataconnect`: lstat /Users/dynamo/Desktop/Dev/react/nek-studios/dataconnect: no such file or directory
 {"metadata":{"emulator":{"name":"dataconnect"},"message":"E0811 10:14:38.996954   30960 watch.go:116] watchAllDir unable to walk dir `/Users/dynamo/Desktop/Dev/react/nek-studios/dataconnect`: lstat /Users/dynamo/Desktop/Dev/react/nek-studios/dataconnect: no such file or directory\n"}}
[debug] [2026-08-11T10:14:38.998Z] E0811 10:14:38.998128   30960 watch.go:40] Failed to load config from "/Users/dynamo/Desktop/Dev/react/nek-studios/dataconnect": could not find dataconnect.yaml in `/Users/dynamo/Desktop/Dev/react/nek-studios/dataconnect`
 {"metadata":{"emulator":{"name":"dataconnect"},"message":"E0811 10:14:38.998128   30960 watch.go:40] Failed to load config from \"/Users/dynamo/Desktop/Dev/react/nek-studios/dataconnect\": could not find dataconnect.yaml in `/Users/dynamo/Desktop/Dev/react/nek-studios/dataconnect`\n"}}
[debug] [2026-08-11T10:14:48.997Z] E0811 10:14:48.997668   30960 watch.go:40] Failed to load config from "/Users/dynamo/Desktop/Dev/react/nek-studios/dataconnect": could not find dataconnect.yaml in `/Users/dynamo/Desktop/Dev/react/nek-studios/dataconnect`
 {"metadata":{"emulator":{"name":"dataconnect"},"message":"E0811 10:14:48.997668   30960 watch.go:40] Failed to load config from \"/Users/dynamo/Desktop/Dev/react/nek-studios/dataconnect\": could not find dataconnect.yaml in `/Users/dynamo/Desktop/Dev/react/nek-studios/dataconnect`\n"}}
[debug] [2026-08-11T10:14:58.997Z] E0811 10:14:58.997440   30960 watch.go:40] Failed to load config from "/Users/dynamo/Desktop/Dev/react/nek-studios/dataconnect": could not find dataconnect.yaml in `/Users/dynamo/Desktop/Dev/react/nek-studios/dataconnect`
 {"metadata":{"emulator":{"name":"dataconnect"},"message":"E0811 10:14:58.997440   30960 watch.go:40] Failed to load config from \"/Users/dynamo/Desktop/Dev/react/nek-studios/dataconnect\": could not find dataconnect.yaml in `/Users/dynamo/Desktop/Dev/react/nek-studios/dataconnect`\n"}}
[debug] [2026-08-11T10:15:08.998Z] E0811 10:15:08.997483   30960 watch.go:40] Failed to load config from "/Users/dynamo/Desktop/Dev/react/nek-studios/dataconnect": could not find dataconnect.yaml in `/Users/dynamo/Desktop/Dev/react/nek-studios/dataconnect`
 {"metadata":{"emulator":{"name":"dataconnect"},"message":"E0811 10:15:08.997483   30960 watch.go:40] Failed to load config from \"/Users/dynamo/Desktop/Dev/react/nek-studios/dataconnect\": could not find dataconnect.yaml in `/Users/dynamo/Desktop/Dev/react/nek-studios/dataconnect`\n"}}
[debug] [2026-08-11T10:15:18.997Z] E0811 10:15:18.997051   30960 watch.go:40] Failed to load config from "/Users/dynamo/Desktop/Dev/react/nek-studios/dataconnect": could not find dataconnect.yaml in `/Users/dynamo/Desktop/Dev/react/nek-studios/dataconnect`
 {"metadata":{"emulator":{"name":"dataconnect"},"message":"E0811 10:15:18.997051   30960 watch.go:40] Failed to load config from \"/Users/dynamo/Desktop/Dev/react/nek-studios/dataconnect\": could not find dataconnect.yaml in `/Users/dynamo/Desktop/Dev/react/nek-studios/dataconnect`\n"}}
[debug] [2026-08-11T10:15:29.002Z] E0811 10:15:29.001736   30960 watch.go:40] Failed to load config from "/Users/dynamo/Desktop/Dev/react/nek-studios/dataconnect": could not find dataconnect.yaml in `/Users/dynamo/Desktop/Dev/react/nek-studios/dataconnect`
 {"metadata":{"emulator":{"name":"dataconnect"},"message":"E0811 10:15:29.001736   30960 watch.go:40] Failed to load config from \"/Users/dynamo/Desktop/Dev/react/nek-studios/dataconnect\": could not find dataconnect.yaml in `/Users/dynamo/Desktop/Dev/react/nek-studios/dataconnect`\n"}}
[debug] [2026-08-11T10:15:38.997Z] E0811 10:15:38.996746   30960 watch.go:116] watchAllDir unable to walk dir `/Users/dynamo/Desktop/Dev/react/nek-studios/dataconnect`: lstat /Users/dynamo/Desktop/Dev/react/nek-studios/dataconnect: no such file or directory
 {"metadata":{"emulator":{"name":"dataconnect"},"message":"E0811 10:15:38.996746   30960 watch.go:116] watchAllDir unable to walk dir `/Users/dynamo/Desktop/Dev/react/nek-studios/dataconnect`: lstat /Users/dynamo/Desktop/Dev/react/nek-studios/dataconnect: no such file or directory\n"}}
[debug] [2026-08-11T10:15:38.999Z] E0811 10:15:38.997036   30960 watch.go:40] Failed to load config from "/Users/dynamo/Desktop/Dev/react/nek-studios/dataconnect": could not find dataconnect.yaml in `/Users/dynamo/Desktop/Dev/react/nek-studios/dataconnect`
 {"metadata":{"emulator":{"name":"dataconnect"},"message":"E0811 10:15:38.997036   30960 watch.go:40] Failed to load config from \"/Users/dynamo/Desktop/Dev/react/nek-studios/dataconnect\": could not find dataconnect.yaml in `/Users/dynamo/Desktop/Dev/react/nek-studios/dataconnect`\n"}}
[debug] [2026-08-11T10:15:48.996Z] E0811 10:15:48.996330   30960 watch.go:40] Failed to load config from "/Users/dynamo/Desktop/Dev/react/nek-studios/dataconnect": could not find dataconnect.yaml in `/Users/dynamo/Desktop/Dev/react/nek-studios/dataconnect`
 {"metadata":{"emulator":{"name":"dataconnect"},"message":"E0811 10:15:48.996330   30960 watch.go:40] Failed to load config from \"/Users/dynamo/Desktop/Dev/react/nek-studios/dataconnect\": could not find dataconnect.yaml in `/Users/dynamo/Desktop/Dev/react/nek-studios/dataconnect`\n"}}
[debug] [2026-08-11T10:15:58.996Z] E0811 10:15:58.995640   30960 watch.go:40] Failed to load config from "/Users/dynamo/Desktop/Dev/react/nek-studios/dataconnect": could not find dataconnect.yaml in `/Users/dynamo/Desktop/Dev/react/nek-studios/dataconnect`
 {"metadata":{"emulator":{"name":"dataconnect"},"message":"E0811 10:15:58.995640   30960 watch.go:40] Failed to load config from \"/Users/dynamo/Desktop/Dev/react/nek-studios/dataconnect\": could not find dataconnect.yaml in `/Users/dynamo/Desktop/Dev/react/nek-studios/dataconnect`\n"}}
[debug] [2026-08-11T10:16:08.998Z] E0811 10:16:08.996089   30960 watch.go:40] Failed to load config from "/Users/dynamo/Desktop/Dev/react/nek-studios/dataconnect": could not find dataconnect.yaml in `/Users/dynamo/Desktop/Dev/react/nek-studios/dataconnect`
 {"metadata":{"emulator":{"name":"dataconnect"},"message":"E0811 10:16:08.996089   30960 watch.go:40] Failed to load config from \"/Users/dynamo/Desktop/Dev/react/nek-studios/dataconnect\": could not find dataconnect.yaml in `/Users/dynamo/Desktop/Dev/react/nek-studios/dataconnect`\n"}}
[debug] [2026-08-11T10:16:18.997Z] E0811 10:16:18.995144   30960 watch.go:40] Failed to load config from "/Users/dynamo/Desktop/Dev/react/nek-studios/dataconnect": could not find dataconnect.yaml in `/Users/dynamo/Desktop/Dev/react/nek-studios/dataconnect`
 {"metadata":{"emulator":{"name":"dataconnect"},"message":"E0811 10:16:18.995144   30960 watch.go:40] Failed to load config from \"/Users/dynamo/Desktop/Dev/react/nek-studios/dataconnect\": could not find dataconnect.yaml in `/Users/dynamo/Desktop/Dev/react/nek-studios/dataconnect`\n"}}
[debug] [2026-08-11T10:16:28.995Z] E0811 10:16:28.995762   30960 watch.go:40] Failed to load config from "/Users/dynamo/Desktop/Dev/react/nek-studios/dataconnect": could not find dataconnect.yaml in `/Users/dynamo/Desktop/Dev/react/nek-studios/dataconnect`
 {"metadata":{"emulator":{"name":"dataconnect"},"message":"E0811 10:16:28.995762   30960 watch.go:40] Failed to load config from \"/Users/dynamo/Desktop/Dev/react/nek-studios/dataconnect\": could not find dataconnect.yaml in `/Users/dynamo/Desktop/Dev/react/nek-studios/dataconnect`\n"}}
[debug] [2026-08-11T10:16:38.996Z] E0811 10:16:38.995512   30960 watch.go:116] watchAllDir unable to walk dir `/Users/dynamo/Desktop/Dev/react/nek-studios/dataconnect`: lstat /Users/dynamo/Desktop/Dev/react/nek-studios/dataconnect: no such file or directory
 {"metadata":{"emulator":{"name":"dataconnect"},"message":"E0811 10:16:38.995512   30960 watch.go:116] watchAllDir unable to walk dir `/Users/dynamo/Desktop/Dev/react/nek-studios/dataconnect`: lstat /Users/dynamo/Desktop/Dev/react/nek-studios/dataconnect: no such file or directory\n"}}
[debug] [2026-08-11T10:16:38.998Z] E0811 10:16:38.998115   30960 watch.go:40] Failed to load config from "/Users/dynamo/Desktop/Dev/react/nek-studios/dataconnect": could not find dataconnect.yaml in `/Users/dynamo/Desktop/Dev/react/nek-studios/dataconnect`
 {"metadata":{"emulator":{"name":"dataconnect"},"message":"E0811 10:16:38.998115   30960 watch.go:40] Failed to load config from \"/Users/dynamo/Desktop/Dev/react/nek-studios/dataconnect\": could not find dataconnect.yaml in `/Users/dynamo/Desktop/Dev/react/nek-studios/dataconnect`\n"}}
[debug] [2026-08-11T10:16:48.995Z] E0811 10:16:48.995285   30960 watch.go:40] Failed to load config from "/Users/dynamo/Desktop/Dev/react/nek-studios/dataconnect": could not find dataconnect.yaml in `/Users/dynamo/Desktop/Dev/react/nek-studios/dataconnect`
 {"metadata":{"emulator":{"name":"dataconnect"},"message":"E0811 10:16:48.995285   30960 watch.go:40] Failed to load config from \"/Users/dynamo/Desktop/Dev/react/nek-studios/dataconnect\": could not find dataconnect.yaml in `/Users/dynamo/Desktop/Dev/react/nek-studios/dataconnect`\n"}}
[debug] [2026-08-11T10:16:58.995Z] E0811 10:16:58.995156   30960 watch.go:40] Failed to load config from "/Users/dynamo/Desktop/Dev/react/nek-studios/dataconnect": could not find dataconnect.yaml in `/Users/dynamo/Desktop/Dev/react/nek-studios/dataconnect`
 {"metadata":{"emulator":{"name":"dataconnect"},"message":"E0811 10:16:58.995156   30960 watch.go:40] Failed to load config from \"/Users/dynamo/Desktop/Dev/react/nek-studios/dataconnect\": could not find dataconnect.yaml in `/Users/dynamo/Desktop/Dev/react/nek-studios/dataconnect`\n"}}
[debug] [2026-08-11T10:17:08.995Z] E0811 10:17:08.994974   30960 watch.go:40] Failed to load config from "/Users/dynamo/Desktop/Dev/react/nek-studios/dataconnect": could not find dataconnect.yaml in `/Users/dynamo/Desktop/Dev/react/nek-studios/dataconnect`
 {"metadata":{"emulator":{"name":"dataconnect"},"message":"E0811 10:17:08.994974   30960 watch.go:40] Failed to load config from \"/Users/dynamo/Desktop/Dev/react/nek-studios/dataconnect\": could not find dataconnect.yaml in `/Users/dynamo/Desktop/Dev/react/nek-studios/dataconnect`\n"}}
[debug] [2026-08-11T10:17:18.995Z] E0811 10:17:18.995213   30960 watch.go:40] Failed to load config from "/Users/dynamo/Desktop/Dev/react/nek-studios/dataconnect": could not find dataconnect.yaml in `/Users/dynamo/Desktop/Dev/react/nek-studios/dataconnect`
 {"metadata":{"emulator":{"name":"dataconnect"},"message":"E0811 10:17:18.995213   30960 watch.go:40] Failed to load config from \"/Users/dynamo/Desktop/Dev/react/nek-studios/dataconnect\": could not find dataconnect.yaml in `/Users/dynamo/Desktop/Dev/react/nek-studios/dataconnect`\n"}}
[debug] [2026-08-11T10:17:28.995Z] E0811 10:17:28.994902   30960 watch.go:40] Failed to load config from "/Users/dynamo/Desktop/Dev/react/nek-studios/dataconnect": could not find dataconnect.yaml in `/Users/dynamo/Desktop/Dev/react/nek-studios/dataconnect`
 {"metadata":{"emulator":{"name":"dataconnect"},"message":"E0811 10:17:28.994902   30960 watch.go:40] Failed to load config from \"/Users/dynamo/Desktop/Dev/react/nek-studios/dataconnect\": could not find dataconnect.yaml in `/Users/dynamo/Desktop/Dev/react/nek-studios/dataconnect`\n"}}
[debug] [2026-08-11T10:17:38.998Z] E0811 10:17:38.995491   30960 watch.go:116] watchAllDir unable to walk dir `/Users/dynamo/Desktop/Dev/react/nek-studios/dataconnect`: lstat /Users/dynamo/Desktop/Dev/react/nek-studios/dataconnect: no such file or directory
E0811 10:17:38.995807   30960 watch.go:40] Failed to load config from "/Users/dynamo/Desktop/Dev/react/nek-studios/dataconnect": could not find dataconnect.yaml in `/Users/dynamo/Desktop/Dev/react/nek-studios/dataconnect`
 {"metadata":{"emulator":{"name":"dataconnect"},"message":"E0811 10:17:38.995491   30960 watch.go:116] watchAllDir unable to walk dir `/Users/dynamo/Desktop/Dev/react/nek-studios/dataconnect`: lstat /Users/dynamo/Desktop/Dev/react/nek-studios/dataconnect: no such file or directory\nE0811 10:17:38.995807   30960 watch.go:40] Failed to load config from \"/Users/dynamo/Desktop/Dev/react/nek-studios/dataconnect\": could not find dataconnect.yaml in `/Users/dynamo/Desktop/Dev/react/nek-studios/dataconnect`\n"}}
[debug] [2026-08-11T10:17:48.994Z] E0811 10:17:48.994310   30960 watch.go:40] Failed to load config from "/Users/dynamo/Desktop/Dev/react/nek-studios/dataconnect": could not find dataconnect.yaml in `/Users/dynamo/Desktop/Dev/react/nek-studios/dataconnect`
 {"metadata":{"emulator":{"name":"dataconnect"},"message":"E0811 10:17:48.994310   30960 watch.go:40] Failed to load config from \"/Users/dynamo/Desktop/Dev/react/nek-studios/dataconnect\": could not find dataconnect.yaml in `/Users/dynamo/Desktop/Dev/react/nek-studios/dataconnect`\n"}}
[debug] [2026-08-11T10:17:58.994Z] E0811 10:17:58.994094   30960 watch.go:40] Failed to load config from "/Users/dynamo/Desktop/Dev/react/nek-studios/dataconnect": could not find dataconnect.yaml in `/Users/dynamo/Desktop/Dev/react/nek-studios/dataconnect`
 {"metadata":{"emulator":{"name":"dataconnect"},"message":"E0811 10:17:58.994094   30960 watch.go:40] Failed to load config from \"/Users/dynamo/Desktop/Dev/react/nek-studios/dataconnect\": could not find dataconnect.yaml in `/Users/dynamo/Desktop/Dev/react/nek-studios/dataconnect`\n"}}
[debug] [2026-08-11T10:18:08.993Z] E0811 10:18:08.993825   30960 watch.go:40] Failed to load config from "/Users/dynamo/Desktop/Dev/react/nek-studios/dataconnect": could not find dataconnect.yaml in `/Users/dynamo/Desktop/Dev/react/nek-studios/dataconnect`
 {"metadata":{"emulator":{"name":"dataconnect"},"message":"E0811 10:18:08.993825   30960 watch.go:40] Failed to load config from \"/Users/dynamo/Desktop/Dev/react/nek-studios/dataconnect\": could not find dataconnect.yaml in `/Users/dynamo/Desktop/Dev/react/nek-studios/dataconnect`\n"}}
[debug] [2026-08-11T10:18:18.994Z] E0811 10:18:18.993966   30960 watch.go:40] Failed to load config from "/Users/dynamo/Desktop/Dev/react/nek-studios/dataconnect": could not find dataconnect.yaml in `/Users/dynamo/Desktop/Dev/react/nek-studios/dataconnect`
 {"metadata":{"emulator":{"name":"dataconnect"},"message":"E0811 10:18:18.993966   30960 watch.go:40] Failed to load config from \"/Users/dynamo/Desktop/Dev/react/nek-studios/dataconnect\": could not find dataconnect.yaml in `/Users/dynamo/Desktop/Dev/react/nek-studios/dataconnect`\n"}}
[debug] [2026-08-11T10:18:28.993Z] E0811 10:18:28.993565   30960 watch.go:40] Failed to load config from "/Users/dynamo/Desktop/Dev/react/nek-studios/dataconnect": could not find dataconnect.yaml in `/Users/dynamo/Desktop/Dev/react/nek-studios/dataconnect`
 {"metadata":{"emulator":{"name":"dataconnect"},"message":"E0811 10:18:28.993565   30960 watch.go:40] Failed to load config from \"/Users/dynamo/Desktop/Dev/react/nek-studios/dataconnect\": could not find dataconnect.yaml in `/Users/dynamo/Desktop/Dev/react/nek-studios/dataconnect`\n"}}
[debug] [2026-08-11T10:18:38.993Z] E0811 10:18:38.993524   30960 watch.go:40] Failed to load config from "/Users/dynamo/Desktop/Dev/react/nek-studios/dataconnect": could not find dataconnect.yaml in `/Users/dynamo/Desktop/Dev/react/nek-studios/dataconnect`
E0811 10:18:38.993476   30960 watch.go:116] watchAllDir unable to walk dir `/Users/dynamo/Desktop/Dev/react/nek-studios/dataconnect`: lstat /Users/dynamo/Desktop/Dev/react/nek-studios/dataconnect: no such file or directory
 {"metadata":{"emulator":{"name":"dataconnect"},"message":"E0811 10:18:38.993524   30960 watch.go:40] Failed to load config from \"/Users/dynamo/Desktop/Dev/react/nek-studios/dataconnect\": could not find dataconnect.yaml in `/Users/dynamo/Desktop/Dev/react/nek-studios/dataconnect`\nE0811 10:18:38.993476   30960 watch.go:116] watchAllDir unable to walk dir `/Users/dynamo/Desktop/Dev/react/nek-studios/dataconnect`: lstat /Users/dynamo/Desktop/Dev/react/nek-studios/dataconnect: no such file or directory\n"}}
[debug] [2026-08-11T10:18:48.994Z] E0811 10:18:48.993754   30960 watch.go:40] Failed to load config from "/Users/dynamo/Desktop/Dev/react/nek-studios/dataconnect": could not find dataconnect.yaml in `/Users/dynamo/Desktop/Dev/react/nek-studios/dataconnect`
 {"metadata":{"emulator":{"name":"dataconnect"},"message":"E0811 10:18:48.993754   30960 watch.go:40] Failed to load config from \"/Users/dynamo/Desktop/Dev/react/nek-studios/dataconnect\": could not find dataconnect.yaml in `/Users/dynamo/Desktop/Dev/react/nek-studios/dataconnect`\n"}}
[debug] [2026-08-11T10:18:58.995Z] E0811 10:18:58.992985   30960 watch.go:40] Failed to load config from "/Users/dynamo/Desktop/Dev/react/nek-studios/dataconnect": could not find dataconnect.yaml in `/Users/dynamo/Desktop/Dev/react/nek-studios/dataconnect`
 {"metadata":{"emulator":{"name":"dataconnect"},"message":"E0811 10:18:58.992985   30960 watch.go:40] Failed to load config from \"/Users/dynamo/Desktop/Dev/react/nek-studios/dataconnect\": could not find dataconnect.yaml in `/Users/dynamo/Desktop/Dev/react/nek-studios/dataconnect`\n"}}
[debug] [2026-08-11T10:19:08.993Z] E0811 10:19:08.992886   30960 watch.go:40] Failed to load config from "/Users/dynamo/Desktop/Dev/react/nek-studios/dataconnect": could not find dataconnect.yaml in `/Users/dynamo/Desktop/Dev/react/nek-studios/dataconnect`
 {"metadata":{"emulator":{"name":"dataconnect"},"message":"E0811 10:19:08.992886   30960 watch.go:40] Failed to load config from \"/Users/dynamo/Desktop/Dev/react/nek-studios/dataconnect\": could not find dataconnect.yaml in `/Users/dynamo/Desktop/Dev/react/nek-studios/dataconnect`\n"}}
[debug] [2026-08-11T10:19:18.995Z] E0811 10:19:18.992414   30960 watch.go:40] Failed to load config from "/Users/dynamo/Desktop/Dev/react/nek-studios/dataconnect": could not find dataconnect.yaml in `/Users/dynamo/Desktop/Dev/react/nek-studios/dataconnect`
 {"metadata":{"emulator":{"name":"dataconnect"},"message":"E0811 10:19:18.992414   30960 watch.go:40] Failed to load config from \"/Users/dynamo/Desktop/Dev/react/nek-studios/dataconnect\": could not find dataconnect.yaml in `/Users/dynamo/Desktop/Dev/react/nek-studios/dataconnect`\n"}}
[debug] [2026-08-11T10:19:28.992Z] E0811 10:19:28.992576   30960 watch.go:40] Failed to load config from "/Users/dynamo/Desktop/Dev/react/nek-studios/dataconnect": could not find dataconnect.yaml in `/Users/dynamo/Desktop/Dev/react/nek-studios/dataconnect`
 {"metadata":{"emulator":{"name":"dataconnect"},"message":"E0811 10:19:28.992576   30960 watch.go:40] Failed to load config from \"/Users/dynamo/Desktop/Dev/react/nek-studios/dataconnect\": could not find dataconnect.yaml in `/Users/dynamo/Desktop/Dev/react/nek-studios/dataconnect`\n"}}
[debug] [2026-08-11T10:19:38.992Z] E0811 10:19:38.992419   30960 watch.go:40] Failed to load config from "/Users/dynamo/Desktop/Dev/react/nek-studios/dataconnect": could not find dataconnect.yaml in `/Users/dynamo/Desktop/Dev/react/nek-studios/dataconnect`
 {"metadata":{"emulator":{"name":"dataconnect"},"message":"E0811 10:19:38.992419   30960 watch.go:40] Failed to load config from \"/Users/dynamo/Desktop/Dev/react/nek-studios/dataconnect\": could not find dataconnect.yaml in `/Users/dynamo/Desktop/Dev/react/nek-studios/dataconnect`\n"}}
[debug] [2026-08-11T10:19:38.994Z] E0811 10:19:38.992360   30960 watch.go:116] watchAllDir unable to walk dir `/Users/dynamo/Desktop/Dev/react/nek-studios/dataconnect`: lstat /Users/dynamo/Desktop/Dev/react/nek-studios/dataconnect: no such file or directory
 {"metadata":{"emulator":{"name":"dataconnect"},"message":"E0811 10:19:38.992360   30960 watch.go:116] watchAllDir unable to walk dir `/Users/dynamo/Desktop/Dev/react/nek-studios/dataconnect`: lstat /Users/dynamo/Desktop/Dev/react/nek-studios/dataconnect: no such file or directory\n"}}
[debug] [2026-08-11T10:19:48.992Z] E0811 10:19:48.992028   30960 watch.go:40] Failed to load config from "/Users/dynamo/Desktop/Dev/react/nek-studios/dataconnect": could not find dataconnect.yaml in `/Users/dynamo/Desktop/Dev/react/nek-studios/dataconnect`
 {"metadata":{"emulator":{"name":"dataconnect"},"message":"E0811 10:19:48.992028   30960 watch.go:40] Failed to load config from \"/Users/dynamo/Desktop/Dev/react/nek-studios/dataconnect\": could not find dataconnect.yaml in `/Users/dynamo/Desktop/Dev/react/nek-studios/dataconnect`\n"}}
[debug] [2026-08-11T10:19:58.992Z] E0811 10:19:58.991967   30960 watch.go:40] Failed to load config from "/Users/dynamo/Desktop/Dev/react/nek-studios/dataconnect": could not find dataconnect.yaml in `/Users/dynamo/Desktop/Dev/react/nek-studios/dataconnect`
 {"metadata":{"emulator":{"name":"dataconnect"},"message":"E0811 10:19:58.991967   30960 watch.go:40] Failed to load config from \"/Users/dynamo/Desktop/Dev/react/nek-studios/dataconnect\": could not find dataconnect.yaml in `/Users/dynamo/Desktop/Dev/react/nek-studios/dataconnect`\n"}}
[debug] [2026-08-11T10:20:08.992Z] E0811 10:20:08.992124   30960 watch.go:40] Failed to load config from "/Users/dynamo/Desktop/Dev/react/nek-studios/dataconnect": could not find dataconnect.yaml in `/Users/dynamo/Desktop/Dev/react/nek-studios/dataconnect`
 {"metadata":{"emulator":{"name":"dataconnect"},"message":"E0811 10:20:08.992124   30960 watch.go:40] Failed to load config from \"/Users/dynamo/Desktop/Dev/react/nek-studios/dataconnect\": could not find dataconnect.yaml in `/Users/dynamo/Desktop/Dev/react/nek-studios/dataconnect`\n"}}
[debug] [2026-08-11T10:20:18.992Z] E0811 10:20:18.991923   30960 watch.go:40] Failed to load config from "/Users/dynamo/Desktop/Dev/react/nek-studios/dataconnect": could not find dataconnect.yaml in `/Users/dynamo/Desktop/Dev/react/nek-studios/dataconnect`
 {"metadata":{"emulator":{"name":"dataconnect"},"message":"E0811 10:20:18.991923   30960 watch.go:40] Failed to load config from \"/Users/dynamo/Desktop/Dev/react/nek-studios/dataconnect\": could not find dataconnect.yaml in `/Users/dynamo/Desktop/Dev/react/nek-studios/dataconnect`\n"}}
[debug] [2026-08-11T10:20:28.991Z] E0811 10:20:28.991625   30960 watch.go:40] Failed to load config from "/Users/dynamo/Desktop/Dev/react/nek-studios/dataconnect": could not find dataconnect.yaml in `/Users/dynamo/Desktop/Dev/react/nek-studios/dataconnect`
 {"metadata":{"emulator":{"name":"dataconnect"},"message":"E0811 10:20:28.991625   30960 watch.go:40] Failed to load config from \"/Users/dynamo/Desktop/Dev/react/nek-studios/dataconnect\": could not find dataconnect.yaml in `/Users/dynamo/Desktop/Dev/react/nek-studios/dataconnect`\n"}}
[debug] [2026-08-11T10:20:38.990Z] E0811 10:20:38.990541   30960 watch.go:40] Failed to load config from "/Users/dynamo/Desktop/Dev/react/nek-studios/dataconnect": could not find dataconnect.yaml in `/Users/dynamo/Desktop/Dev/react/nek-studios/dataconnect`
 {"metadata":{"emulator":{"name":"dataconnect"},"message":"E0811 10:20:38.990541   30960 watch.go:40] Failed to load config from \"/Users/dynamo/Desktop/Dev/react/nek-studios/dataconnect\": could not find dataconnect.yaml in `/Users/dynamo/Desktop/Dev/react/nek-studios/dataconnect`\n"}}
[debug] [2026-08-11T10:20:38.991Z] E0811 10:20:38.990501   30960 watch.go:116] watchAllDir unable to walk dir `/Users/dynamo/Desktop/Dev/react/nek-studios/dataconnect`: lstat /Users/dynamo/Desktop/Dev/react/nek-studios/dataconnect: no such file or directory
 {"metadata":{"emulator":{"name":"dataconnect"},"message":"E0811 10:20:38.990501   30960 watch.go:116] watchAllDir unable to walk dir `/Users/dynamo/Desktop/Dev/react/nek-studios/dataconnect`: lstat /Users/dynamo/Desktop/Dev/react/nek-studios/dataconnect: no such file or directory\n"}}
[debug] [2026-08-11T10:20:48.991Z] E0811 10:20:48.990912   30960 watch.go:40] Failed to load config from "/Users/dynamo/Desktop/Dev/react/nek-studios/dataconnect": could not find dataconnect.yaml in `/Users/dynamo/Desktop/Dev/react/nek-studios/dataconnect`
 {"metadata":{"emulator":{"name":"dataconnect"},"message":"E0811 10:20:48.990912   30960 watch.go:40] Failed to load config from \"/Users/dynamo/Desktop/Dev/react/nek-studios/dataconnect\": could not find dataconnect.yaml in `/Users/dynamo/Desktop/Dev/react/nek-studios/dataconnect`\n"}}
[debug] [2026-08-11T10:20:58.991Z] E0811 10:20:58.991261   30960 watch.go:40] Failed to load config from "/Users/dynamo/Desktop/Dev/react/nek-studios/dataconnect": could not find dataconnect.yaml in `/Users/dynamo/Desktop/Dev/react/nek-studios/dataconnect`
 {"metadata":{"emulator":{"name":"dataconnect"},"message":"E0811 10:20:58.991261   30960 watch.go:40] Failed to load config from \"/Users/dynamo/Desktop/Dev/react/nek-studios/dataconnect\": could not find dataconnect.yaml in `/Users/dynamo/Desktop/Dev/react/nek-studios/dataconnect`\n"}}
[debug] [2026-08-11T10:21:08.990Z] E0811 10:21:08.990540   30960 watch.go:40] Failed to load config from "/Users/dynamo/Desktop/Dev/react/nek-studios/dataconnect": could not find dataconnect.yaml in `/Users/dynamo/Desktop/Dev/react/nek-studios/dataconnect`
 {"metadata":{"emulator":{"name":"dataconnect"},"message":"E0811 10:21:08.990540   30960 watch.go:40] Failed to load config from \"/Users/dynamo/Desktop/Dev/react/nek-studios/dataconnect\": could not find dataconnect.yaml in `/Users/dynamo/Desktop/Dev/react/nek-studios/dataconnect`\n"}}
[debug] [2026-08-11T10:21:18.991Z] E0811 10:21:18.990777   30960 watch.go:40] Failed to load config from "/Users/dynamo/Desktop/Dev/react/nek-studios/dataconnect": could not find dataconnect.yaml in `/Users/dynamo/Desktop/Dev/react/nek-studios/dataconnect`
 {"metadata":{"emulator":{"name":"dataconnect"},"message":"E0811 10:21:18.990777   30960 watch.go:40] Failed to load config from \"/Users/dynamo/Desktop/Dev/react/nek-studios/dataconnect\": could not find dataconnect.yaml in `/Users/dynamo/Desktop/Dev/react/nek-studios/dataconnect`\n"}}
[debug] [2026-08-11T10:21:28.990Z] E0811 10:21:28.990452   30960 watch.go:40] Failed to load config from "/Users/dynamo/Desktop/Dev/react/nek-studios/dataconnect": could not find dataconnect.yaml in `/Users/dynamo/Desktop/Dev/react/nek-studios/dataconnect`
 {"metadata":{"emulator":{"name":"dataconnect"},"message":"E0811 10:21:28.990452   30960 watch.go:40] Failed to load config from \"/Users/dynamo/Desktop/Dev/react/nek-studios/dataconnect\": could not find dataconnect.yaml in `/Users/dynamo/Desktop/Dev/react/nek-studios/dataconnect`\n"}}
[debug] [2026-08-11T10:21:38.991Z] E0811 10:21:38.990159   30960 watch.go:40] Failed to load config from "/Users/dynamo/Desktop/Dev/react/nek-studios/dataconnect": could not find dataconnect.yaml in `/Users/dynamo/Desktop/Dev/react/nek-studios/dataconnect`
 {"metadata":{"emulator":{"name":"dataconnect"},"message":"E0811 10:21:38.990159   30960 watch.go:40] Failed to load config from \"/Users/dynamo/Desktop/Dev/react/nek-studios/dataconnect\": could not find dataconnect.yaml in `/Users/dynamo/Desktop/Dev/react/nek-studios/dataconnect`\n"}}
[debug] [2026-08-11T10:21:38.993Z] E0811 10:21:38.990082   30960 watch.go:116] watchAllDir unable to walk dir `/Users/dynamo/Desktop/Dev/react/nek-studios/dataconnect`: lstat /Users/dynamo/Desktop/Dev/react/nek-studios/dataconnect: no such file or directory
 {"metadata":{"emulator":{"name":"dataconnect"},"message":"E0811 10:21:38.990082   30960 watch.go:116] watchAllDir unable to walk dir `/Users/dynamo/Desktop/Dev/react/nek-studios/dataconnect`: lstat /Users/dynamo/Desktop/Dev/react/nek-studios/dataconnect: no such file or directory\n"}}
[debug] [2026-08-11T10:21:48.991Z] E0811 10:21:48.989803   30960 watch.go:40] Failed to load config from "/Users/dynamo/Desktop/Dev/react/nek-studios/dataconnect": could not find dataconnect.yaml in `/Users/dynamo/Desktop/Dev/react/nek-studios/dataconnect`
 {"metadata":{"emulator":{"name":"dataconnect"},"message":"E0811 10:21:48.989803   30960 watch.go:40] Failed to load config from \"/Users/dynamo/Desktop/Dev/react/nek-studios/dataconnect\": could not find dataconnect.yaml in `/Users/dynamo/Desktop/Dev/react/nek-studios/dataconnect`\n"}}
[debug] [2026-08-11T10:21:58.990Z] E0811 10:21:58.990018   30960 watch.go:40] Failed to load config from "/Users/dynamo/Desktop/Dev/react/nek-studios/dataconnect": could not find dataconnect.yaml in `/Users/dynamo/Desktop/Dev/react/nek-studios/dataconnect`
 {"metadata":{"emulator":{"name":"dataconnect"},"message":"E0811 10:21:58.990018   30960 watch.go:40] Failed to load config from \"/Users/dynamo/Desktop/Dev/react/nek-studios/dataconnect\": could not find dataconnect.yaml in `/Users/dynamo/Desktop/Dev/react/nek-studios/dataconnect`\n"}}
[debug] [2026-08-11T10:22:08.989Z] E0811 10:22:08.989482   30960 watch.go:40] Failed to load config from "/Users/dynamo/Desktop/Dev/react/nek-studios/dataconnect": could not find dataconnect.yaml in `/Users/dynamo/Desktop/Dev/react/nek-studios/dataconnect`
 {"metadata":{"emulator":{"name":"dataconnect"},"message":"E0811 10:22:08.989482   30960 watch.go:40] Failed to load config from \"/Users/dynamo/Desktop/Dev/react/nek-studios/dataconnect\": could not find dataconnect.yaml in `/Users/dynamo/Desktop/Dev/react/nek-studios/dataconnect`\n"}}
[debug] [2026-08-11T10:22:18.988Z] E0811 10:22:18.988466   30960 watch.go:40] Failed to load config from "/Users/dynamo/Desktop/Dev/react/nek-studios/dataconnect": could not find dataconnect.yaml in `/Users/dynamo/Desktop/Dev/react/nek-studios/dataconnect`
 {"metadata":{"emulator":{"name":"dataconnect"},"message":"E0811 10:22:18.988466   30960 watch.go:40] Failed to load config from \"/Users/dynamo/Desktop/Dev/react/nek-studios/dataconnect\": could not find dataconnect.yaml in `/Users/dynamo/Desktop/Dev/react/nek-studios/dataconnect`\n"}}
[debug] [2026-08-11T10:22:28.989Z] E0811 10:22:28.989134   30960 watch.go:40] Failed to load config from "/Users/dynamo/Desktop/Dev/react/nek-studios/dataconnect": could not find dataconnect.yaml in `/Users/dynamo/Desktop/Dev/react/nek-studios/dataconnect`
 {"metadata":{"emulator":{"name":"dataconnect"},"message":"E0811 10:22:28.989134   30960 watch.go:40] Failed to load config from \"/Users/dynamo/Desktop/Dev/react/nek-studios/dataconnect\": could not find dataconnect.yaml in `/Users/dynamo/Desktop/Dev/react/nek-studios/dataconnect`\n"}}
[debug] [2026-08-11T10:22:38.992Z] E0811 10:22:38.988946   30960 watch.go:40] Failed to load config from "/Users/dynamo/Desktop/Dev/react/nek-studios/dataconnect": could not find dataconnect.yaml in `/Users/dynamo/Desktop/Dev/react/nek-studios/dataconnect`
E0811 10:22:38.988909   30960 watch.go:116] watchAllDir unable to walk dir `/Users/dynamo/Desktop/Dev/react/nek-studios/dataconnect`: lstat /Users/dynamo/Desktop/Dev/react/nek-studios/dataconnect: no such file or directory
 {"metadata":{"emulator":{"name":"dataconnect"},"message":"E0811 10:22:38.988946   30960 watch.go:40] Failed to load config from \"/Users/dynamo/Desktop/Dev/react/nek-studios/dataconnect\": could not find dataconnect.yaml in `/Users/dynamo/Desktop/Dev/react/nek-studios/dataconnect`\nE0811 10:22:38.988909   30960 watch.go:116] watchAllDir unable to walk dir `/Users/dynamo/Desktop/Dev/react/nek-studios/dataconnect`: lstat /Users/dynamo/Desktop/Dev/react/nek-studios/dataconnect: no such file or directory\n"}}
[debug] [2026-08-11T10:22:48.988Z] E0811 10:22:48.988774   30960 watch.go:40] Failed to load config from "/Users/dynamo/Desktop/Dev/react/nek-studios/dataconnect": could not find dataconnect.yaml in `/Users/dynamo/Desktop/Dev/react/nek-studios/dataconnect`
 {"metadata":{"emulator":{"name":"dataconnect"},"message":"E0811 10:22:48.988774   30960 watch.go:40] Failed to load config from \"/Users/dynamo/Desktop/Dev/react/nek-studios/dataconnect\": could not find dataconnect.yaml in `/Users/dynamo/Desktop/Dev/react/nek-studios/dataconnect`\n"}}
[debug] [2026-08-11T10:22:58.988Z] E0811 10:22:58.988589   30960 watch.go:40] Failed to load config from "/Users/dynamo/Desktop/Dev/react/nek-studios/dataconnect": could not find dataconnect.yaml in `/Users/dynamo/Desktop/Dev/react/nek-studios/dataconnect`
 {"metadata":{"emulator":{"name":"dataconnect"},"message":"E0811 10:22:58.988589   30960 watch.go:40] Failed to load config from \"/Users/dynamo/Desktop/Dev/react/nek-studios/dataconnect\": could not find dataconnect.yaml in `/Users/dynamo/Desktop/Dev/react/nek-studios/dataconnect`\n"}}
[debug] [2026-08-11T10:23:08.988Z] E0811 10:23:08.988406   30960 watch.go:40] Failed to load config from "/Users/dynamo/Desktop/Dev/react/nek-studios/dataconnect": could not find dataconnect.yaml in `/Users/dynamo/Desktop/Dev/react/nek-studios/dataconnect`
 {"metadata":{"emulator":{"name":"dataconnect"},"message":"E0811 10:23:08.988406   30960 watch.go:40] Failed to load config from \"/Users/dynamo/Desktop/Dev/react/nek-studios/dataconnect\": could not find dataconnect.yaml in `/Users/dynamo/Desktop/Dev/react/nek-studios/dataconnect`\n"}}
[debug] [2026-08-11T10:23:18.988Z] E0811 10:23:18.988155   30960 watch.go:40] Failed to load config from "/Users/dynamo/Desktop/Dev/react/nek-studios/dataconnect": could not find dataconnect.yaml in `/Users/dynamo/Desktop/Dev/react/nek-studios/dataconnect`
 {"metadata":{"emulator":{"name":"dataconnect"},"message":"E0811 10:23:18.988155   30960 watch.go:40] Failed to load config from \"/Users/dynamo/Desktop/Dev/react/nek-studios/dataconnect\": could not find dataconnect.yaml in `/Users/dynamo/Desktop/Dev/react/nek-studios/dataconnect`\n"}}
[debug] [2026-08-11T10:23:28.988Z] E0811 10:23:28.987945   30960 watch.go:40] Failed to load config from "/Users/dynamo/Desktop/Dev/react/nek-studios/dataconnect": could not find dataconnect.yaml in `/Users/dynamo/Desktop/Dev/react/nek-studios/dataconnect`
 {"metadata":{"emulator":{"name":"dataconnect"},"message":"E0811 10:23:28.987945   30960 watch.go:40] Failed to load config from \"/Users/dynamo/Desktop/Dev/react/nek-studios/dataconnect\": could not find dataconnect.yaml in `/Users/dynamo/Desktop/Dev/react/nek-studios/dataconnect`\n"}}
[debug] [2026-08-11T10:23:38.987Z] E0811 10:23:38.987787   30960 watch.go:40] Failed to load config from "/Users/dynamo/Desktop/Dev/react/nek-studios/dataconnect": could not find dataconnect.yaml in `/Users/dynamo/Desktop/Dev/react/nek-studios/dataconnect`
 {"metadata":{"emulator":{"name":"dataconnect"},"message":"E0811 10:23:38.987787   30960 watch.go:40] Failed to load config from \"/Users/dynamo/Desktop/Dev/react/nek-studios/dataconnect\": could not find dataconnect.yaml in `/Users/dynamo/Desktop/Dev/react/nek-studios/dataconnect`\n"}}
[debug] [2026-08-11T10:23:38.988Z] E0811 10:23:38.987781   30960 watch.go:116] watchAllDir unable to walk dir `/Users/dynamo/Desktop/Dev/react/nek-studios/dataconnect`: lstat /Users/dynamo/Desktop/Dev/react/nek-studios/dataconnect: no such file or directory
 {"metadata":{"emulator":{"name":"dataconnect"},"message":"E0811 10:23:38.987781   30960 watch.go:116] watchAllDir unable to walk dir `/Users/dynamo/Desktop/Dev/react/nek-studios/dataconnect`: lstat /Users/dynamo/Desktop/Dev/react/nek-studios/dataconnect: no such file or directory\n"}}
[debug] [2026-08-11T10:23:48.987Z] E0811 10:23:48.987617   30960 watch.go:40] Failed to load config from "/Users/dynamo/Desktop/Dev/react/nek-studios/dataconnect": could not find dataconnect.yaml in `/Users/dynamo/Desktop/Dev/react/nek-studios/dataconnect`
 {"metadata":{"emulator":{"name":"dataconnect"},"message":"E0811 10:23:48.987617   30960 watch.go:40] Failed to load config from \"/Users/dynamo/Desktop/Dev/react/nek-studios/dataconnect\": could not find dataconnect.yaml in `/Users/dynamo/Desktop/Dev/react/nek-studios/dataconnect`\n"}}
[debug] [2026-08-11T10:23:58.987Z] E0811 10:23:58.987473   30960 watch.go:40] Failed to load config from "/Users/dynamo/Desktop/Dev/react/nek-studios/dataconnect": could not find dataconnect.yaml in `/Users/dynamo/Desktop/Dev/react/nek-studios/dataconnect`
 {"metadata":{"emulator":{"name":"dataconnect"},"message":"E0811 10:23:58.987473   30960 watch.go:40] Failed to load config from \"/Users/dynamo/Desktop/Dev/react/nek-studios/dataconnect\": could not find dataconnect.yaml in `/Users/dynamo/Desktop/Dev/react/nek-studios/dataconnect`\n"}}
[debug] [2026-08-11T10:24:08.987Z] E0811 10:24:08.987231   30960 watch.go:40] Failed to load config from "/Users/dynamo/Desktop/Dev/react/nek-studios/dataconnect": could not find dataconnect.yaml in `/Users/dynamo/Desktop/Dev/react/nek-studios/dataconnect`
 {"metadata":{"emulator":{"name":"dataconnect"},"message":"E0811 10:24:08.987231   30960 watch.go:40] Failed to load config from \"/Users/dynamo/Desktop/Dev/react/nek-studios/dataconnect\": could not find dataconnect.yaml in `/Users/dynamo/Desktop/Dev/react/nek-studios/dataconnect`\n"}}
[debug] [2026-08-11T10:24:18.987Z] E0811 10:24:18.987264   30960 watch.go:40] Failed to load config from "/Users/dynamo/Desktop/Dev/react/nek-studios/dataconnect": could not find dataconnect.yaml in `/Users/dynamo/Desktop/Dev/react/nek-studios/dataconnect`
 {"metadata":{"emulator":{"name":"dataconnect"},"message":"E0811 10:24:18.987264   30960 watch.go:40] Failed to load config from \"/Users/dynamo/Desktop/Dev/react/nek-studios/dataconnect\": could not find dataconnect.yaml in `/Users/dynamo/Desktop/Dev/react/nek-studios/dataconnect`\n"}}
[debug] [2026-08-11T10:24:28.989Z] E0811 10:24:28.989000   30960 watch.go:40] Failed to load config from "/Users/dynamo/Desktop/Dev/react/nek-studios/dataconnect": could not find dataconnect.yaml in `/Users/dynamo/Desktop/Dev/react/nek-studios/dataconnect`
 {"metadata":{"emulator":{"name":"dataconnect"},"message":"E0811 10:24:28.989000   30960 watch.go:40] Failed to load config from \"/Users/dynamo/Desktop/Dev/react/nek-studios/dataconnect\": could not find dataconnect.yaml in `/Users/dynamo/Desktop/Dev/react/nek-studios/dataconnect`\n"}}
[debug] [2026-08-11T10:24:38.986Z] E0811 10:24:38.986742   30960 watch.go:116] watchAllDir unable to walk dir `/Users/dynamo/Desktop/Dev/react/nek-studios/dataconnect`: lstat /Users/dynamo/Desktop/Dev/react/nek-studios/dataconnect: no such file or directory
E0811 10:24:38.986794   30960 watch.go:40] Failed to load config from "/Users/dynamo/Desktop/Dev/react/nek-studios/dataconnect": could not find dataconnect.yaml in `/Users/dynamo/Desktop/Dev/react/nek-studios/dataconnect`
 {"metadata":{"emulator":{"name":"dataconnect"},"message":"E0811 10:24:38.986742   30960 watch.go:116] watchAllDir unable to walk dir `/Users/dynamo/Desktop/Dev/react/nek-studios/dataconnect`: lstat /Users/dynamo/Desktop/Dev/react/nek-studios/dataconnect: no such file or directory\nE0811 10:24:38.986794   30960 watch.go:40] Failed to load config from \"/Users/dynamo/Desktop/Dev/react/nek-studios/dataconnect\": could not find dataconnect.yaml in `/Users/dynamo/Desktop/Dev/react/nek-studios/dataconnect`\n"}}
[debug] [2026-08-11T10:24:48.986Z] E0811 10:24:48.986489   30960 watch.go:40] Failed to load config from "/Users/dynamo/Desktop/Dev/react/nek-studios/dataconnect": could not find dataconnect.yaml in `/Users/dynamo/Desktop/Dev/react/nek-studios/dataconnect`
 {"metadata":{"emulator":{"name":"dataconnect"},"message":"E0811 10:24:48.986489   30960 watch.go:40] Failed to load config from \"/Users/dynamo/Desktop/Dev/react/nek-studios/dataconnect\": could not find dataconnect.yaml in `/Users/dynamo/Desktop/Dev/react/nek-studios/dataconnect`\n"}}
[debug] [2026-08-11T10:24:58.992Z] E0811 10:24:58.986620   30960 watch.go:40] Failed to load config from "/Users/dynamo/Desktop/Dev/react/nek-studios/dataconnect": could not find dataconnect.yaml in `/Users/dynamo/Desktop/Dev/react/nek-studios/dataconnect`
 {"metadata":{"emulator":{"name":"dataconnect"},"message":"E0811 10:24:58.986620   30960 watch.go:40] Failed to load config from \"/Users/dynamo/Desktop/Dev/react/nek-studios/dataconnect\": could not find dataconnect.yaml in `/Users/dynamo/Desktop/Dev/react/nek-studios/dataconnect`\n"}}
[debug] [2026-08-11T10:25:08.986Z] E0811 10:25:08.985773   30960 watch.go:40] Failed to load config from "/Users/dynamo/Desktop/Dev/react/nek-studios/dataconnect": could not find dataconnect.yaml in `/Users/dynamo/Desktop/Dev/react/nek-studios/dataconnect`
 {"metadata":{"emulator":{"name":"dataconnect"},"message":"E0811 10:25:08.985773   30960 watch.go:40] Failed to load config from \"/Users/dynamo/Desktop/Dev/react/nek-studios/dataconnect\": could not find dataconnect.yaml in `/Users/dynamo/Desktop/Dev/react/nek-studios/dataconnect`\n"}}
[debug] [2026-08-11T10:25:18.990Z] E0811 10:25:18.986003   30960 watch.go:40] Failed to load config from "/Users/dynamo/Desktop/Dev/react/nek-studios/dataconnect": could not find dataconnect.yaml in `/Users/dynamo/Desktop/Dev/react/nek-studios/dataconnect`
 {"metadata":{"emulator":{"name":"dataconnect"},"message":"E0811 10:25:18.986003   30960 watch.go:40] Failed to load config from \"/Users/dynamo/Desktop/Dev/react/nek-studios/dataconnect\": could not find dataconnect.yaml in `/Users/dynamo/Desktop/Dev/react/nek-studios/dataconnect`\n"}}
[debug] [2026-08-11T10:25:28.989Z] E0811 10:25:28.984891   30960 watch.go:40] Failed to load config from "/Users/dynamo/Desktop/Dev/react/nek-studios/dataconnect": could not find dataconnect.yaml in `/Users/dynamo/Desktop/Dev/react/nek-studios/dataconnect`
 {"metadata":{"emulator":{"name":"dataconnect"},"message":"E0811 10:25:28.984891   30960 watch.go:40] Failed to load config from \"/Users/dynamo/Desktop/Dev/react/nek-studios/dataconnect\": could not find dataconnect.yaml in `/Users/dynamo/Desktop/Dev/react/nek-studios/dataconnect`\n"}}
[debug] [2026-08-11T10:25:38.989Z] E0811 10:25:38.986563   30960 watch.go:40] Failed to load config from "/Users/dynamo/Desktop/Dev/react/nek-studios/dataconnect": could not find dataconnect.yaml in `/Users/dynamo/Desktop/Dev/react/nek-studios/dataconnect`
E0811 10:25:38.986390   30960 watch.go:116] watchAllDir unable to walk dir `/Users/dynamo/Desktop/Dev/react/nek-studios/dataconnect`: lstat /Users/dynamo/Desktop/Dev/react/nek-studios/dataconnect: no such file or directory
 {"metadata":{"emulator":{"name":"dataconnect"},"message":"E0811 10:25:38.986563   30960 watch.go:40] Failed to load config from \"/Users/dynamo/Desktop/Dev/react/nek-studios/dataconnect\": could not find dataconnect.yaml in `/Users/dynamo/Desktop/Dev/react/nek-studios/dataconnect`\nE0811 10:25:38.986390   30960 watch.go:116] watchAllDir unable to walk dir `/Users/dynamo/Desktop/Dev/react/nek-studios/dataconnect`: lstat /Users/dynamo/Desktop/Dev/react/nek-studios/dataconnect: no such file or directory\n"}}
[debug] [2026-08-11T10:25:48.987Z] E0811 10:25:48.986871   30960 watch.go:40] Failed to load config from "/Users/dynamo/Desktop/Dev/react/nek-studios/dataconnect": could not find dataconnect.yaml in `/Users/dynamo/Desktop/Dev/react/nek-studios/dataconnect`
 {"metadata":{"emulator":{"name":"dataconnect"},"message":"E0811 10:25:48.986871   30960 watch.go:40] Failed to load config from \"/Users/dynamo/Desktop/Dev/react/nek-studios/dataconnect\": could not find dataconnect.yaml in `/Users/dynamo/Desktop/Dev/react/nek-studios/dataconnect`\n"}}
[debug] [2026-08-11T10:25:58.986Z] E0811 10:25:58.985598   30960 watch.go:40] Failed to load config from "/Users/dynamo/Desktop/Dev/react/nek-studios/dataconnect": could not find dataconnect.yaml in `/Users/dynamo/Desktop/Dev/react/nek-studios/dataconnect`
 {"metadata":{"emulator":{"name":"dataconnect"},"message":"E0811 10:25:58.985598   30960 watch.go:40] Failed to load config from \"/Users/dynamo/Desktop/Dev/react/nek-studios/dataconnect\": could not find dataconnect.yaml in `/Users/dynamo/Desktop/Dev/react/nek-studios/dataconnect`\n"}}
[debug] [2026-08-11T10:26:08.984Z] E0811 10:26:08.984204   30960 watch.go:40] Failed to load config from "/Users/dynamo/Desktop/Dev/react/nek-studios/dataconnect": could not find dataconnect.yaml in `/Users/dynamo/Desktop/Dev/react/nek-studios/dataconnect`
 {"metadata":{"emulator":{"name":"dataconnect"},"message":"E0811 10:26:08.984204   30960 watch.go:40] Failed to load config from \"/Users/dynamo/Desktop/Dev/react/nek-studios/dataconnect\": could not find dataconnect.yaml in `/Users/dynamo/Desktop/Dev/react/nek-studios/dataconnect`\n"}}
[debug] [2026-08-11T10:26:18.985Z] E0811 10:26:18.984862   30960 watch.go:40] Failed to load config from "/Users/dynamo/Desktop/Dev/react/nek-studios/dataconnect": could not find dataconnect.yaml in `/Users/dynamo/Desktop/Dev/react/nek-studios/dataconnect`
 {"metadata":{"emulator":{"name":"dataconnect"},"message":"E0811 10:26:18.984862   30960 watch.go:40] Failed to load config from \"/Users/dynamo/Desktop/Dev/react/nek-studios/dataconnect\": could not find dataconnect.yaml in `/Users/dynamo/Desktop/Dev/react/nek-studios/dataconnect`\n"}}
[debug] [2026-08-11T10:26:28.984Z] E0811 10:26:28.984683   30960 watch.go:40] Failed to load config from "/Users/dynamo/Desktop/Dev/react/nek-studios/dataconnect": could not find dataconnect.yaml in `/Users/dynamo/Desktop/Dev/react/nek-studios/dataconnect`
 {"metadata":{"emulator":{"name":"dataconnect"},"message":"E0811 10:26:28.984683   30960 watch.go:40] Failed to load config from \"/Users/dynamo/Desktop/Dev/react/nek-studios/dataconnect\": could not find dataconnect.yaml in `/Users/dynamo/Desktop/Dev/react/nek-studios/dataconnect`\n"}}
[debug] [2026-08-11T10:26:38.984Z] E0811 10:26:38.984430   30960 watch.go:116] watchAllDir unable to walk dir `/Users/dynamo/Desktop/Dev/react/nek-studios/dataconnect`: lstat /Users/dynamo/Desktop/Dev/react/nek-studios/dataconnect: no such file or directory
 {"metadata":{"emulator":{"name":"dataconnect"},"message":"E0811 10:26:38.984430   30960 watch.go:116] watchAllDir unable to walk dir `/Users/dynamo/Desktop/Dev/react/nek-studios/dataconnect`: lstat /Users/dynamo/Desktop/Dev/react/nek-studios/dataconnect: no such file or directory\n"}}
[debug] [2026-08-11T10:26:38.985Z] E0811 10:26:38.984588   30960 watch.go:40] Failed to load config from "/Users/dynamo/Desktop/Dev/react/nek-studios/dataconnect": could not find dataconnect.yaml in `/Users/dynamo/Desktop/Dev/react/nek-studios/dataconnect`
 {"metadata":{"emulator":{"name":"dataconnect"},"message":"E0811 10:26:38.984588   30960 watch.go:40] Failed to load config from \"/Users/dynamo/Desktop/Dev/react/nek-studios/dataconnect\": could not find dataconnect.yaml in `/Users/dynamo/Desktop/Dev/react/nek-studios/dataconnect`\n"}}
[debug] [2026-08-11T10:26:48.984Z] E0811 10:26:48.984246   30960 watch.go:40] Failed to load config from "/Users/dynamo/Desktop/Dev/react/nek-studios/dataconnect": could not find dataconnect.yaml in `/Users/dynamo/Desktop/Dev/react/nek-studios/dataconnect`
 {"metadata":{"emulator":{"name":"dataconnect"},"message":"E0811 10:26:48.984246   30960 watch.go:40] Failed to load config from \"/Users/dynamo/Desktop/Dev/react/nek-studios/dataconnect\": could not find dataconnect.yaml in `/Users/dynamo/Desktop/Dev/react/nek-studios/dataconnect`\n"}}
[debug] [2026-08-11T10:26:59.004Z] E0811 10:26:59.004010   30960 watch.go:40] Failed to load config from "/Users/dynamo/Desktop/Dev/react/nek-studios/dataconnect": could not find dataconnect.yaml in `/Users/dynamo/Desktop/Dev/react/nek-studios/dataconnect`
 {"metadata":{"emulator":{"name":"dataconnect"},"message":"E0811 10:26:59.004010   30960 watch.go:40] Failed to load config from \"/Users/dynamo/Desktop/Dev/react/nek-studios/dataconnect\": could not find dataconnect.yaml in `/Users/dynamo/Desktop/Dev/react/nek-studios/dataconnect`\n"}}
[debug] [2026-08-11T10:27:09.017Z] E0811 10:27:09.017331   30960 watch.go:40] Failed to load config from "/Users/dynamo/Desktop/Dev/react/nek-studios/dataconnect": could not find dataconnect.yaml in `/Users/dynamo/Desktop/Dev/react/nek-studios/dataconnect`
 {"metadata":{"emulator":{"name":"dataconnect"},"message":"E0811 10:27:09.017331   30960 watch.go:40] Failed to load config from \"/Users/dynamo/Desktop/Dev/react/nek-studios/dataconnect\": could not find dataconnect.yaml in `/Users/dynamo/Desktop/Dev/react/nek-studios/dataconnect`\n"}}
[debug] [2026-08-11T10:27:19.024Z] E0811 10:27:19.023542   30960 watch.go:40] Failed to load config from "/Users/dynamo/Desktop/Dev/react/nek-studios/dataconnect": could not find dataconnect.yaml in `/Users/dynamo/Desktop/Dev/react/nek-studios/dataconnect`
 {"metadata":{"emulator":{"name":"dataconnect"},"message":"E0811 10:27:19.023542   30960 watch.go:40] Failed to load config from \"/Users/dynamo/Desktop/Dev/react/nek-studios/dataconnect\": could not find dataconnect.yaml in `/Users/dynamo/Desktop/Dev/react/nek-studios/dataconnect`\n"}}
[debug] [2026-08-11T10:27:29.026Z] E0811 10:27:29.026427   30960 watch.go:40] Failed to load config from "/Users/dynamo/Desktop/Dev/react/nek-studios/dataconnect": could not find dataconnect.yaml in `/Users/dynamo/Desktop/Dev/react/nek-studios/dataconnect`
 {"metadata":{"emulator":{"name":"dataconnect"},"message":"E0811 10:27:29.026427   30960 watch.go:40] Failed to load config from \"/Users/dynamo/Desktop/Dev/react/nek-studios/dataconnect\": could not find dataconnect.yaml in `/Users/dynamo/Desktop/Dev/react/nek-studios/dataconnect`\n"}}
[debug] [2026-08-11T10:27:39.034Z] E0811 10:27:39.028232   30960 watch.go:116] watchAllDir unable to walk dir `/Users/dynamo/Desktop/Dev/react/nek-studios/dataconnect`: lstat /Users/dynamo/Desktop/Dev/react/nek-studios/dataconnect: no such file or directory
E0811 10:27:39.028371   30960 watch.go:40] Failed to load config from "/Users/dynamo/Desktop/Dev/react/nek-studios/dataconnect": could not find dataconnect.yaml in `/Users/dynamo/Desktop/Dev/react/nek-studios/dataconnect`
 {"metadata":{"emulator":{"name":"dataconnect"},"message":"E0811 10:27:39.028232   30960 watch.go:116] watchAllDir unable to walk dir `/Users/dynamo/Desktop/Dev/react/nek-studios/dataconnect`: lstat /Users/dynamo/Desktop/Dev/react/nek-studios/dataconnect: no such file or directory\nE0811 10:27:39.028371   30960 watch.go:40] Failed to load config from \"/Users/dynamo/Desktop/Dev/react/nek-studios/dataconnect\": could not find dataconnect.yaml in `/Users/dynamo/Desktop/Dev/react/nek-studios/dataconnect`\n"}}
[debug] [2026-08-11T10:27:49.031Z] E0811 10:27:49.028996   30960 watch.go:40] Failed to load config from "/Users/dynamo/Desktop/Dev/react/nek-studios/dataconnect": could not find dataconnect.yaml in `/Users/dynamo/Desktop/Dev/react/nek-studios/dataconnect`
 {"metadata":{"emulator":{"name":"dataconnect"},"message":"E0811 10:27:49.028996   30960 watch.go:40] Failed to load config from \"/Users/dynamo/Desktop/Dev/react/nek-studios/dataconnect\": could not find dataconnect.yaml in `/Users/dynamo/Desktop/Dev/react/nek-studios/dataconnect`\n"}}
[debug] [2026-08-11T10:27:59.031Z] E0811 10:27:59.029346   30960 watch.go:40] Failed to load config from "/Users/dynamo/Desktop/Dev/react/nek-studios/dataconnect": could not find dataconnect.yaml in `/Users/dynamo/Desktop/Dev/react/nek-studios/dataconnect`
 {"metadata":{"emulator":{"name":"dataconnect"},"message":"E0811 10:27:59.029346   30960 watch.go:40] Failed to load config from \"/Users/dynamo/Desktop/Dev/react/nek-studios/dataconnect\": could not find dataconnect.yaml in `/Users/dynamo/Desktop/Dev/react/nek-studios/dataconnect`\n"}}
[debug] [2026-08-11T10:28:09.031Z] E0811 10:28:09.029556   30960 watch.go:40] Failed to load config from "/Users/dynamo/Desktop/Dev/react/nek-studios/dataconnect": could not find dataconnect.yaml in `/Users/dynamo/Desktop/Dev/react/nek-studios/dataconnect`
 {"metadata":{"emulator":{"name":"dataconnect"},"message":"E0811 10:28:09.029556   30960 watch.go:40] Failed to load config from \"/Users/dynamo/Desktop/Dev/react/nek-studios/dataconnect\": could not find dataconnect.yaml in `/Users/dynamo/Desktop/Dev/react/nek-studios/dataconnect`\n"}}
[debug] [2026-08-11T10:28:19.029Z] E0811 10:28:19.029616   30960 watch.go:40] Failed to load config from "/Users/dynamo/Desktop/Dev/react/nek-studios/dataconnect": could not find dataconnect.yaml in `/Users/dynamo/Desktop/Dev/react/nek-studios/dataconnect`
 {"metadata":{"emulator":{"name":"dataconnect"},"message":"E0811 10:28:19.029616   30960 watch.go:40] Failed to load config from \"/Users/dynamo/Desktop/Dev/react/nek-studios/dataconnect\": could not find dataconnect.yaml in `/Users/dynamo/Desktop/Dev/react/nek-studios/dataconnect`\n"}}
[debug] [2026-08-11T10:28:29.029Z] E0811 10:28:29.029446   30960 watch.go:40] Failed to load config from "/Users/dynamo/Desktop/Dev/react/nek-studios/dataconnect": could not find dataconnect.yaml in `/Users/dynamo/Desktop/Dev/react/nek-studios/dataconnect`
 {"metadata":{"emulator":{"name":"dataconnect"},"message":"E0811 10:28:29.029446   30960 watch.go:40] Failed to load config from \"/Users/dynamo/Desktop/Dev/react/nek-studios/dataconnect\": could not find dataconnect.yaml in `/Users/dynamo/Desktop/Dev/react/nek-studios/dataconnect`\n"}}
[debug] [2026-08-11T10:28:39.029Z] E0811 10:28:39.029340   30960 watch.go:40] Failed to load config from "/Users/dynamo/Desktop/Dev/react/nek-studios/dataconnect": could not find dataconnect.yaml in `/Users/dynamo/Desktop/Dev/react/nek-studios/dataconnect`
E0811 10:28:39.029324   30960 watch.go:116] watchAllDir unable to walk dir `/Users/dynamo/Desktop/Dev/react/nek-studios/dataconnect`: lstat /Users/dynamo/Desktop/Dev/react/nek-studios/dataconnect: no such file or directory
 {"metadata":{"emulator":{"name":"dataconnect"},"message":"E0811 10:28:39.029340   30960 watch.go:40] Failed to load config from \"/Users/dynamo/Desktop/Dev/react/nek-studios/dataconnect\": could not find dataconnect.yaml in `/Users/dynamo/Desktop/Dev/react/nek-studios/dataconnect`\nE0811 10:28:39.029324   30960 watch.go:116] watchAllDir unable to walk dir `/Users/dynamo/Desktop/Dev/react/nek-studios/dataconnect`: lstat /Users/dynamo/Desktop/Dev/react/nek-studios/dataconnect: no such file or directory\n"}}
[debug] [2026-08-11T10:28:49.029Z] E0811 10:28:49.029275   30960 watch.go:40] Failed to load config from "/Users/dynamo/Desktop/Dev/react/nek-studios/dataconnect": could not find dataconnect.yaml in `/Users/dynamo/Desktop/Dev/react/nek-studios/dataconnect`
 {"metadata":{"emulator":{"name":"dataconnect"},"message":"E0811 10:28:49.029275   30960 watch.go:40] Failed to load config from \"/Users/dynamo/Desktop/Dev/react/nek-studios/dataconnect\": could not find dataconnect.yaml in `/Users/dynamo/Desktop/Dev/react/nek-studios/dataconnect`\n"}}
[debug] [2026-08-11T10:28:59.029Z] E0811 10:28:59.029248   30960 watch.go:40] Failed to load config from "/Users/dynamo/Desktop/Dev/react/nek-studios/dataconnect": could not find dataconnect.yaml in `/Users/dynamo/Desktop/Dev/react/nek-studios/dataconnect`
 {"metadata":{"emulator":{"name":"dataconnect"},"message":"E0811 10:28:59.029248   30960 watch.go:40] Failed to load config from \"/Users/dynamo/Desktop/Dev/react/nek-studios/dataconnect\": could not find dataconnect.yaml in `/Users/dynamo/Desktop/Dev/react/nek-studios/dataconnect`\n"}}
[debug] [2026-08-11T10:29:09.038Z] E0811 10:29:09.029045   30960 watch.go:40] Failed to load config from "/Users/dynamo/Desktop/Dev/react/nek-studios/dataconnect": could not find dataconnect.yaml in `/Users/dynamo/Desktop/Dev/react/nek-studios/dataconnect`
 {"metadata":{"emulator":{"name":"dataconnect"},"message":"E0811 10:29:09.029045   30960 watch.go:40] Failed to load config from \"/Users/dynamo/Desktop/Dev/react/nek-studios/dataconnect\": could not find dataconnect.yaml in `/Users/dynamo/Desktop/Dev/react/nek-studios/dataconnect`\n"}}
[debug] [2026-08-11T10:29:19.042Z] E0811 10:29:19.028949   30960 watch.go:40] Failed to load config from "/Users/dynamo/Desktop/Dev/react/nek-studios/dataconnect": could not find dataconnect.yaml in `/Users/dynamo/Desktop/Dev/react/nek-studios/dataconnect`
 {"metadata":{"emulator":{"name":"dataconnect"},"message":"E0811 10:29:19.028949   30960 watch.go:40] Failed to load config from \"/Users/dynamo/Desktop/Dev/react/nek-studios/dataconnect\": could not find dataconnect.yaml in `/Users/dynamo/Desktop/Dev/react/nek-studios/dataconnect`\n"}}
[debug] [2026-08-11T10:29:29.029Z] E0811 10:29:29.029160   30960 watch.go:40] Failed to load config from "/Users/dynamo/Desktop/Dev/react/nek-studios/dataconnect": could not find dataconnect.yaml in `/Users/dynamo/Desktop/Dev/react/nek-studios/dataconnect`
 {"metadata":{"emulator":{"name":"dataconnect"},"message":"E0811 10:29:29.029160   30960 watch.go:40] Failed to load config from \"/Users/dynamo/Desktop/Dev/react/nek-studios/dataconnect\": could not find dataconnect.yaml in `/Users/dynamo/Desktop/Dev/react/nek-studios/dataconnect`\n"}}
[debug] [2026-08-11T10:29:39.028Z] E0811 10:29:39.028684   30960 watch.go:40] Failed to load config from "/Users/dynamo/Desktop/Dev/react/nek-studios/dataconnect": could not find dataconnect.yaml in `/Users/dynamo/Desktop/Dev/react/nek-studios/dataconnect`
 {"metadata":{"emulator":{"name":"dataconnect"},"message":"E0811 10:29:39.028684   30960 watch.go:40] Failed to load config from \"/Users/dynamo/Desktop/Dev/react/nek-studios/dataconnect\": could not find dataconnect.yaml in `/Users/dynamo/Desktop/Dev/react/nek-studios/dataconnect`\n"}}
[debug] [2026-08-11T10:29:39.032Z] E0811 10:29:39.028648   30960 watch.go:116] watchAllDir unable to walk dir `/Users/dynamo/Desktop/Dev/react/nek-studios/dataconnect`: lstat /Users/dynamo/Desktop/Dev/react/nek-studios/dataconnect: no such file or directory
 {"metadata":{"emulator":{"name":"dataconnect"},"message":"E0811 10:29:39.028648   30960 watch.go:116] watchAllDir unable to walk dir `/Users/dynamo/Desktop/Dev/react/nek-studios/dataconnect`: lstat /Users/dynamo/Desktop/Dev/react/nek-studios/dataconnect: no such file or directory\n"}}
[debug] [2026-08-11T10:29:49.028Z] E0811 10:29:49.028572   30960 watch.go:40] Failed to load config from "/Users/dynamo/Desktop/Dev/react/nek-studios/dataconnect": could not find dataconnect.yaml in `/Users/dynamo/Desktop/Dev/react/nek-studios/dataconnect`
 {"metadata":{"emulator":{"name":"dataconnect"},"message":"E0811 10:29:49.028572   30960 watch.go:40] Failed to load config from \"/Users/dynamo/Desktop/Dev/react/nek-studios/dataconnect\": could not find dataconnect.yaml in `/Users/dynamo/Desktop/Dev/react/nek-studios/dataconnect`\n"}}
[debug] [2026-08-11T10:29:59.028Z] E0811 10:29:59.028480   30960 watch.go:40] Failed to load config from "/Users/dynamo/Desktop/Dev/react/nek-studios/dataconnect": could not find dataconnect.yaml in `/Users/dynamo/Desktop/Dev/react/nek-studios/dataconnect`
 {"metadata":{"emulator":{"name":"dataconnect"},"message":"E0811 10:29:59.028480   30960 watch.go:40] Failed to load config from \"/Users/dynamo/Desktop/Dev/react/nek-studios/dataconnect\": could not find dataconnect.yaml in `/Users/dynamo/Desktop/Dev/react/nek-studios/dataconnect`\n"}}
[debug] [2026-08-11T10:30:09.033Z] E0811 10:30:09.028342   30960 watch.go:40] Failed to load config from "/Users/dynamo/Desktop/Dev/react/nek-studios/dataconnect": could not find dataconnect.yaml in `/Users/dynamo/Desktop/Dev/react/nek-studios/dataconnect`
 {"metadata":{"emulator":{"name":"dataconnect"},"message":"E0811 10:30:09.028342   30960 watch.go:40] Failed to load config from \"/Users/dynamo/Desktop/Dev/react/nek-studios/dataconnect\": could not find dataconnect.yaml in `/Users/dynamo/Desktop/Dev/react/nek-studios/dataconnect`\n"}}
[debug] [2026-08-11T10:30:19.030Z] E0811 10:30:19.029738   30960 watch.go:40] Failed to load config from "/Users/dynamo/Desktop/Dev/react/nek-studios/dataconnect": could not find dataconnect.yaml in `/Users/dynamo/Desktop/Dev/react/nek-studios/dataconnect`
 {"metadata":{"emulator":{"name":"dataconnect"},"message":"E0811 10:30:19.029738   30960 watch.go:40] Failed to load config from \"/Users/dynamo/Desktop/Dev/react/nek-studios/dataconnect\": could not find dataconnect.yaml in `/Users/dynamo/Desktop/Dev/react/nek-studios/dataconnect`\n"}}
[debug] [2026-08-11T10:30:29.028Z] E0811 10:30:29.027979   30960 watch.go:40] Failed to load config from "/Users/dynamo/Desktop/Dev/react/nek-studios/dataconnect": could not find dataconnect.yaml in `/Users/dynamo/Desktop/Dev/react/nek-studios/dataconnect`
 {"metadata":{"emulator":{"name":"dataconnect"},"message":"E0811 10:30:29.027979   30960 watch.go:40] Failed to load config from \"/Users/dynamo/Desktop/Dev/react/nek-studios/dataconnect\": could not find dataconnect.yaml in `/Users/dynamo/Desktop/Dev/react/nek-studios/dataconnect`\n"}}
[debug] [2026-08-11T10:30:39.028Z] E0811 10:30:39.027966   30960 watch.go:40] Failed to load config from "/Users/dynamo/Desktop/Dev/react/nek-studios/dataconnect": could not find dataconnect.yaml in `/Users/dynamo/Desktop/Dev/react/nek-studios/dataconnect`
E0811 10:30:39.027914   30960 watch.go:116] watchAllDir unable to walk dir `/Users/dynamo/Desktop/Dev/react/nek-studios/dataconnect`: lstat /Users/dynamo/Desktop/Dev/react/nek-studios/dataconnect: no such file or directory
 {"metadata":{"emulator":{"name":"dataconnect"},"message":"E0811 10:30:39.027966   30960 watch.go:40] Failed to load config from \"/Users/dynamo/Desktop/Dev/react/nek-studios/dataconnect\": could not find dataconnect.yaml in `/Users/dynamo/Desktop/Dev/react/nek-studios/dataconnect`\nE0811 10:30:39.027914   30960 watch.go:116] watchAllDir unable to walk dir `/Users/dynamo/Desktop/Dev/react/nek-studios/dataconnect`: lstat /Users/dynamo/Desktop/Dev/react/nek-studios/dataconnect: no such file or directory\n"}}
[debug] [2026-08-11T10:30:49.027Z] E0811 10:30:49.027740   30960 watch.go:40] Failed to load config from "/Users/dynamo/Desktop/Dev/react/nek-studios/dataconnect": could not find dataconnect.yaml in `/Users/dynamo/Desktop/Dev/react/nek-studios/dataconnect`
 {"metadata":{"emulator":{"name":"dataconnect"},"message":"E0811 10:30:49.027740   30960 watch.go:40] Failed to load config from \"/Users/dynamo/Desktop/Dev/react/nek-studios/dataconnect\": could not find dataconnect.yaml in `/Users/dynamo/Desktop/Dev/react/nek-studios/dataconnect`\n"}}
[debug] [2026-08-11T10:30:59.031Z] E0811 10:30:59.029233   30960 watch.go:40] Failed to load config from "/Users/dynamo/Desktop/Dev/react/nek-studios/dataconnect": could not find dataconnect.yaml in `/Users/dynamo/Desktop/Dev/react/nek-studios/dataconnect`
 {"metadata":{"emulator":{"name":"dataconnect"},"message":"E0811 10:30:59.029233   30960 watch.go:40] Failed to load config from \"/Users/dynamo/Desktop/Dev/react/nek-studios/dataconnect\": could not find dataconnect.yaml in `/Users/dynamo/Desktop/Dev/react/nek-studios/dataconnect`\n"}}
[debug] [2026-08-11T10:31:09.027Z] E0811 10:31:09.027588   30960 watch.go:40] Failed to load config from "/Users/dynamo/Desktop/Dev/react/nek-studios/dataconnect": could not find dataconnect.yaml in `/Users/dynamo/Desktop/Dev/react/nek-studios/dataconnect`
 {"metadata":{"emulator":{"name":"dataconnect"},"message":"E0811 10:31:09.027588   30960 watch.go:40] Failed to load config from \"/Users/dynamo/Desktop/Dev/react/nek-studios/dataconnect\": could not find dataconnect.yaml in `/Users/dynamo/Desktop/Dev/react/nek-studios/dataconnect`\n"}}
[debug] [2026-08-11T10:31:19.027Z] E0811 10:31:19.027408   30960 watch.go:40] Failed to load config from "/Users/dynamo/Desktop/Dev/react/nek-studios/dataconnect": could not find dataconnect.yaml in `/Users/dynamo/Desktop/Dev/react/nek-studios/dataconnect`
 {"metadata":{"emulator":{"name":"dataconnect"},"message":"E0811 10:31:19.027408   30960 watch.go:40] Failed to load config from \"/Users/dynamo/Desktop/Dev/react/nek-studios/dataconnect\": could not find dataconnect.yaml in `/Users/dynamo/Desktop/Dev/react/nek-studios/dataconnect`\n"}}
[debug] [2026-08-11T10:31:29.027Z] E0811 10:31:29.026653   30960 watch.go:40] Failed to load config from "/Users/dynamo/Desktop/Dev/react/nek-studios/dataconnect": could not find dataconnect.yaml in `/Users/dynamo/Desktop/Dev/react/nek-studios/dataconnect`
 {"metadata":{"emulator":{"name":"dataconnect"},"message":"E0811 10:31:29.026653   30960 watch.go:40] Failed to load config from \"/Users/dynamo/Desktop/Dev/react/nek-studios/dataconnect\": could not find dataconnect.yaml in `/Users/dynamo/Desktop/Dev/react/nek-studios/dataconnect`\n"}}
[debug] [2026-08-11T10:31:39.027Z] E0811 10:31:39.027178   30960 watch.go:116] watchAllDir unable to walk dir `/Users/dynamo/Desktop/Dev/react/nek-studios/dataconnect`: lstat /Users/dynamo/Desktop/Dev/react/nek-studios/dataconnect: no such file or directory
E0811 10:31:39.027254   30960 watch.go:40] Failed to load config from "/Users/dynamo/Desktop/Dev/react/nek-studios/dataconnect": could not find dataconnect.yaml in `/Users/dynamo/Desktop/Dev/react/nek-studios/dataconnect`
 {"metadata":{"emulator":{"name":"dataconnect"},"message":"E0811 10:31:39.027178   30960 watch.go:116] watchAllDir unable to walk dir `/Users/dynamo/Desktop/Dev/react/nek-studios/dataconnect`: lstat /Users/dynamo/Desktop/Dev/react/nek-studios/dataconnect: no such file or directory\nE0811 10:31:39.027254   30960 watch.go:40] Failed to load config from \"/Users/dynamo/Desktop/Dev/react/nek-studios/dataconnect\": could not find dataconnect.yaml in `/Users/dynamo/Desktop/Dev/react/nek-studios/dataconnect`\n"}}
[debug] [2026-08-11T10:31:49.027Z] E0811 10:31:49.026964   30960 watch.go:40] Failed to load config from "/Users/dynamo/Desktop/Dev/react/nek-studios/dataconnect": could not find dataconnect.yaml in `/Users/dynamo/Desktop/Dev/react/nek-studios/dataconnect`
 {"metadata":{"emulator":{"name":"dataconnect"},"message":"E0811 10:31:49.026964   30960 watch.go:40] Failed to load config from \"/Users/dynamo/Desktop/Dev/react/nek-studios/dataconnect\": could not find dataconnect.yaml in `/Users/dynamo/Desktop/Dev/react/nek-studios/dataconnect`\n"}}
[debug] [2026-08-11T10:31:59.026Z] E0811 10:31:59.026470   30960 watch.go:40] Failed to load config from "/Users/dynamo/Desktop/Dev/react/nek-studios/dataconnect": could not find dataconnect.yaml in `/Users/dynamo/Desktop/Dev/react/nek-studios/dataconnect`
 {"metadata":{"emulator":{"name":"dataconnect"},"message":"E0811 10:31:59.026470   30960 watch.go:40] Failed to load config from \"/Users/dynamo/Desktop/Dev/react/nek-studios/dataconnect\": could not find dataconnect.yaml in `/Users/dynamo/Desktop/Dev/react/nek-studios/dataconnect`\n"}}
[debug] [2026-08-11T10:32:09.026Z] E0811 10:32:09.026665   30960 watch.go:40] Failed to load config from "/Users/dynamo/Desktop/Dev/react/nek-studios/dataconnect": could not find dataconnect.yaml in `/Users/dynamo/Desktop/Dev/react/nek-studios/dataconnect`
 {"metadata":{"emulator":{"name":"dataconnect"},"message":"E0811 10:32:09.026665   30960 watch.go:40] Failed to load config from \"/Users/dynamo/Desktop/Dev/react/nek-studios/dataconnect\": could not find dataconnect.yaml in `/Users/dynamo/Desktop/Dev/react/nek-studios/dataconnect`\n"}}
[debug] [2026-08-11T10:32:19.026Z] E0811 10:32:19.026575   30960 watch.go:40] Failed to load config from "/Users/dynamo/Desktop/Dev/react/nek-studios/dataconnect": could not find dataconnect.yaml in `/Users/dynamo/Desktop/Dev/react/nek-studios/dataconnect`
 {"metadata":{"emulator":{"name":"dataconnect"},"message":"E0811 10:32:19.026575   30960 watch.go:40] Failed to load config from \"/Users/dynamo/Desktop/Dev/react/nek-studios/dataconnect\": could not find dataconnect.yaml in `/Users/dynamo/Desktop/Dev/react/nek-studios/dataconnect`\n"}}
[debug] [2026-08-11T10:32:29.026Z] E0811 10:32:29.026490   30960 watch.go:40] Failed to load config from "/Users/dynamo/Desktop/Dev/react/nek-studios/dataconnect": could not find dataconnect.yaml in `/Users/dynamo/Desktop/Dev/react/nek-studios/dataconnect`
 {"metadata":{"emulator":{"name":"dataconnect"},"message":"E0811 10:32:29.026490   30960 watch.go:40] Failed to load config from \"/Users/dynamo/Desktop/Dev/react/nek-studios/dataconnect\": could not find dataconnect.yaml in `/Users/dynamo/Desktop/Dev/react/nek-studios/dataconnect`\n"}}
[debug] [2026-08-11T10:32:39.026Z] E0811 10:32:39.026259   30960 watch.go:116] watchAllDir unable to walk dir `/Users/dynamo/Desktop/Dev/react/nek-studios/dataconnect`: lstat /Users/dynamo/Desktop/Dev/react/nek-studios/dataconnect: no such file or directory
 {"metadata":{"emulator":{"name":"dataconnect"},"message":"E0811 10:32:39.026259   30960 watch.go:116] watchAllDir unable to walk dir `/Users/dynamo/Desktop/Dev/react/nek-studios/dataconnect`: lstat /Users/dynamo/Desktop/Dev/react/nek-studios/dataconnect: no such file or directory\n"}}
[debug] [2026-08-11T10:32:39.026Z] E0811 10:32:39.026279   30960 watch.go:40] Failed to load config from "/Users/dynamo/Desktop/Dev/react/nek-studios/dataconnect": could not find dataconnect.yaml in `/Users/dynamo/Desktop/Dev/react/nek-studios/dataconnect`
 {"metadata":{"emulator":{"name":"dataconnect"},"message":"E0811 10:32:39.026279   30960 watch.go:40] Failed to load config from \"/Users/dynamo/Desktop/Dev/react/nek-studios/dataconnect\": could not find dataconnect.yaml in `/Users/dynamo/Desktop/Dev/react/nek-studios/dataconnect`\n"}}
[debug] [2026-08-11T10:32:49.026Z] E0811 10:32:49.026184   30960 watch.go:40] Failed to load config from "/Users/dynamo/Desktop/Dev/react/nek-studios/dataconnect": could not find dataconnect.yaml in `/Users/dynamo/Desktop/Dev/react/nek-studios/dataconnect`
 {"metadata":{"emulator":{"name":"dataconnect"},"message":"E0811 10:32:49.026184   30960 watch.go:40] Failed to load config from \"/Users/dynamo/Desktop/Dev/react/nek-studios/dataconnect\": could not find dataconnect.yaml in `/Users/dynamo/Desktop/Dev/react/nek-studios/dataconnect`\n"}}
[debug] [2026-08-11T10:32:59.026Z] E0811 10:32:59.026218   30960 watch.go:40] Failed to load config from "/Users/dynamo/Desktop/Dev/react/nek-studios/dataconnect": could not find dataconnect.yaml in `/Users/dynamo/Desktop/Dev/react/nek-studios/dataconnect`
 {"metadata":{"emulator":{"name":"dataconnect"},"message":"E0811 10:32:59.026218   30960 watch.go:40] Failed to load config from \"/Users/dynamo/Desktop/Dev/react/nek-studios/dataconnect\": could not find dataconnect.yaml in `/Users/dynamo/Desktop/Dev/react/nek-studios/dataconnect`\n"}}
[debug] [2026-08-11T10:33:09.026Z] E0811 10:33:09.026121   30960 watch.go:40] Failed to load config from "/Users/dynamo/Desktop/Dev/react/nek-studios/dataconnect": could not find dataconnect.yaml in `/Users/dynamo/Desktop/Dev/react/nek-studios/dataconnect`
 {"metadata":{"emulator":{"name":"dataconnect"},"message":"E0811 10:33:09.026121   30960 watch.go:40] Failed to load config from \"/Users/dynamo/Desktop/Dev/react/nek-studios/dataconnect\": could not find dataconnect.yaml in `/Users/dynamo/Desktop/Dev/react/nek-studios/dataconnect`\n"}}
[debug] [2026-08-11T10:33:19.028Z] E0811 10:33:19.026433   30960 watch.go:40] Failed to load config from "/Users/dynamo/Desktop/Dev/react/nek-studios/dataconnect": could not find dataconnect.yaml in `/Users/dynamo/Desktop/Dev/react/nek-studios/dataconnect`
 {"metadata":{"emulator":{"name":"dataconnect"},"message":"E0811 10:33:19.026433   30960 watch.go:40] Failed to load config from \"/Users/dynamo/Desktop/Dev/react/nek-studios/dataconnect\": could not find dataconnect.yaml in `/Users/dynamo/Desktop/Dev/react/nek-studios/dataconnect`\n"}}
[debug] [2026-08-11T10:33:29.031Z] E0811 10:33:29.025521   30960 watch.go:40] Failed to load config from "/Users/dynamo/Desktop/Dev/react/nek-studios/dataconnect": could not find dataconnect.yaml in `/Users/dynamo/Desktop/Dev/react/nek-studios/dataconnect`
 {"metadata":{"emulator":{"name":"dataconnect"},"message":"E0811 10:33:29.025521   30960 watch.go:40] Failed to load config from \"/Users/dynamo/Desktop/Dev/react/nek-studios/dataconnect\": could not find dataconnect.yaml in `/Users/dynamo/Desktop/Dev/react/nek-studios/dataconnect`\n"}}
[debug] [2026-08-11T10:33:39.026Z] E0811 10:33:39.024671   30960 watch.go:40] Failed to load config from "/Users/dynamo/Desktop/Dev/react/nek-studios/dataconnect": could not find dataconnect.yaml in `/Users/dynamo/Desktop/Dev/react/nek-studios/dataconnect`
E0811 10:33:39.024602   30960 watch.go:116] watchAllDir unable to walk dir `/Users/dynamo/Desktop/Dev/react/nek-studios/dataconnect`: lstat /Users/dynamo/Desktop/Dev/react/nek-studios/dataconnect: no such file or directory
 {"metadata":{"emulator":{"name":"dataconnect"},"message":"E0811 10:33:39.024671   30960 watch.go:40] Failed to load config from \"/Users/dynamo/Desktop/Dev/react/nek-studios/dataconnect\": could not find dataconnect.yaml in `/Users/dynamo/Desktop/Dev/react/nek-studios/dataconnect`\nE0811 10:33:39.024602   30960 watch.go:116] watchAllDir unable to walk dir `/Users/dynamo/Desktop/Dev/react/nek-studios/dataconnect`: lstat /Users/dynamo/Desktop/Dev/react/nek-studios/dataconnect: no such file or directory\n"}}
[debug] [2026-08-11T10:33:49.031Z] E0811 10:33:49.024810   30960 watch.go:40] Failed to load config from "/Users/dynamo/Desktop/Dev/react/nek-studios/dataconnect": could not find dataconnect.yaml in `/Users/dynamo/Desktop/Dev/react/nek-studios/dataconnect`
 {"metadata":{"emulator":{"name":"dataconnect"},"message":"E0811 10:33:49.024810   30960 watch.go:40] Failed to load config from \"/Users/dynamo/Desktop/Dev/react/nek-studios/dataconnect\": could not find dataconnect.yaml in `/Users/dynamo/Desktop/Dev/react/nek-studios/dataconnect`\n"}}
[debug] [2026-08-11T10:33:59.030Z] E0811 10:33:59.029198   30960 watch.go:40] Failed to load config from "/Users/dynamo/Desktop/Dev/react/nek-studios/dataconnect": could not find dataconnect.yaml in `/Users/dynamo/Desktop/Dev/react/nek-studios/dataconnect`
 {"metadata":{"emulator":{"name":"dataconnect"},"message":"E0811 10:33:59.029198   30960 watch.go:40] Failed to load config from \"/Users/dynamo/Desktop/Dev/react/nek-studios/dataconnect\": could not find dataconnect.yaml in `/Users/dynamo/Desktop/Dev/react/nek-studios/dataconnect`\n"}}
[debug] [2026-08-11T10:34:09.384Z] E0811 10:34:09.382171   30960 watch.go:40] Failed to load config from "/Users/dynamo/Desktop/Dev/react/nek-studios/dataconnect": could not find dataconnect.yaml in `/Users/dynamo/Desktop/Dev/react/nek-studios/dataconnect`
 {"metadata":{"emulator":{"name":"dataconnect"},"message":"E0811 10:34:09.382171   30960 watch.go:40] Failed to load config from \"/Users/dynamo/Desktop/Dev/react/nek-studios/dataconnect\": could not find dataconnect.yaml in `/Users/dynamo/Desktop/Dev/react/nek-studios/dataconnect`\n"}}
[debug] [2026-08-11T10:34:19.107Z] E0811 10:34:19.031894   30960 watch.go:40] Failed to load config from "/Users/dynamo/Desktop/Dev/react/nek-studios/dataconnect": could not find dataconnect.yaml in `/Users/dynamo/Desktop/Dev/react/nek-studios/dataconnect`
 {"metadata":{"emulator":{"name":"dataconnect"},"message":"E0811 10:34:19.031894   30960 watch.go:40] Failed to load config from \"/Users/dynamo/Desktop/Dev/react/nek-studios/dataconnect\": could not find dataconnect.yaml in `/Users/dynamo/Desktop/Dev/react/nek-studios/dataconnect`\n"}}
[debug] [2026-08-11T10:34:29.025Z] E0811 10:34:29.024869   30960 watch.go:40] Failed to load config from "/Users/dynamo/Desktop/Dev/react/nek-studios/dataconnect": could not find dataconnect.yaml in `/Users/dynamo/Desktop/Dev/react/nek-studios/dataconnect`
 {"metadata":{"emulator":{"name":"dataconnect"},"message":"E0811 10:34:29.024869   30960 watch.go:40] Failed to load config from \"/Users/dynamo/Desktop/Dev/react/nek-studios/dataconnect\": could not find dataconnect.yaml in `/Users/dynamo/Desktop/Dev/react/nek-studios/dataconnect`\n"}}
[debug] [2026-08-11T10:34:39.027Z] E0811 10:34:39.026365   30960 watch.go:40] Failed to load config from "/Users/dynamo/Desktop/Dev/react/nek-studios/dataconnect": could not find dataconnect.yaml in `/Users/dynamo/Desktop/Dev/react/nek-studios/dataconnect`
 {"metadata":{"emulator":{"name":"dataconnect"},"message":"E0811 10:34:39.026365   30960 watch.go:40] Failed to load config from \"/Users/dynamo/Desktop/Dev/react/nek-studios/dataconnect\": could not find dataconnect.yaml in `/Users/dynamo/Desktop/Dev/react/nek-studios/dataconnect`\n"}}
[debug] [2026-08-11T10:34:39.042Z] E0811 10:34:39.025448   30960 watch.go:116] watchAllDir unable to walk dir `/Users/dynamo/Desktop/Dev/react/nek-studios/dataconnect`: lstat /Users/dynamo/Desktop/Dev/react/nek-studios/dataconnect: no such file or directory
 {"metadata":{"emulator":{"name":"dataconnect"},"message":"E0811 10:34:39.025448   30960 watch.go:116] watchAllDir unable to walk dir `/Users/dynamo/Desktop/Dev/react/nek-studios/dataconnect`: lstat /Users/dynamo/Desktop/Dev/react/nek-studios/dataconnect: no such file or directory\n"}}
[debug] [2026-08-11T10:34:49.143Z] E0811 10:34:49.142252   30960 watch.go:40] Failed to load config from "/Users/dynamo/Desktop/Dev/react/nek-studios/dataconnect": could not find dataconnect.yaml in `/Users/dynamo/Desktop/Dev/react/nek-studios/dataconnect`
 {"metadata":{"emulator":{"name":"dataconnect"},"message":"E0811 10:34:49.142252   30960 watch.go:40] Failed to load config from \"/Users/dynamo/Desktop/Dev/react/nek-studios/dataconnect\": could not find dataconnect.yaml in `/Users/dynamo/Desktop/Dev/react/nek-studios/dataconnect`\n"}}
[debug] [2026-08-11T10:34:59.026Z] E0811 10:34:59.025691   30960 watch.go:40] Failed to load config from "/Users/dynamo/Desktop/Dev/react/nek-studios/dataconnect": could not find dataconnect.yaml in `/Users/dynamo/Desktop/Dev/react/nek-studios/dataconnect`
 {"metadata":{"emulator":{"name":"dataconnect"},"message":"E0811 10:34:59.025691   30960 watch.go:40] Failed to load config from \"/Users/dynamo/Desktop/Dev/react/nek-studios/dataconnect\": could not find dataconnect.yaml in `/Users/dynamo/Desktop/Dev/react/nek-studios/dataconnect`\n"}}
[debug] [2026-08-11T10:35:09.024Z] E0811 10:35:09.024408   30960 watch.go:40] Failed to load config from "/Users/dynamo/Desktop/Dev/react/nek-studios/dataconnect": could not find dataconnect.yaml in `/Users/dynamo/Desktop/Dev/react/nek-studios/dataconnect`
 {"metadata":{"emulator":{"name":"dataconnect"},"message":"E0811 10:35:09.024408   30960 watch.go:40] Failed to load config from \"/Users/dynamo/Desktop/Dev/react/nek-studios/dataconnect\": could not find dataconnect.yaml in `/Users/dynamo/Desktop/Dev/react/nek-studios/dataconnect`\n"}}
[debug] [2026-08-11T10:35:19.030Z] E0811 10:35:19.023800   30960 watch.go:40] Failed to load config from "/Users/dynamo/Desktop/Dev/react/nek-studios/dataconnect": could not find dataconnect.yaml in `/Users/dynamo/Desktop/Dev/react/nek-studios/dataconnect`
 {"metadata":{"emulator":{"name":"dataconnect"},"message":"E0811 10:35:19.023800   30960 watch.go:40] Failed to load config from \"/Users/dynamo/Desktop/Dev/react/nek-studios/dataconnect\": could not find dataconnect.yaml in `/Users/dynamo/Desktop/Dev/react/nek-studios/dataconnect`\n"}}
[debug] [2026-08-11T10:35:29.025Z] E0811 10:35:29.024703   30960 watch.go:40] Failed to load config from "/Users/dynamo/Desktop/Dev/react/nek-studios/dataconnect": could not find dataconnect.yaml in `/Users/dynamo/Desktop/Dev/react/nek-studios/dataconnect`
 {"metadata":{"emulator":{"name":"dataconnect"},"message":"E0811 10:35:29.024703   30960 watch.go:40] Failed to load config from \"/Users/dynamo/Desktop/Dev/react/nek-studios/dataconnect\": could not find dataconnect.yaml in `/Users/dynamo/Desktop/Dev/react/nek-studios/dataconnect`\n"}}
[debug] [2026-08-11T10:35:39.026Z] E0811 10:35:39.023976   30960 watch.go:116] watchAllDir unable to walk dir `/Users/dynamo/Desktop/Dev/react/nek-studios/dataconnect`: lstat /Users/dynamo/Desktop/Dev/react/nek-studios/dataconnect: no such file or directory
 {"metadata":{"emulator":{"name":"dataconnect"},"message":"E0811 10:35:39.023976   30960 watch.go:116] watchAllDir unable to walk dir `/Users/dynamo/Desktop/Dev/react/nek-studios/dataconnect`: lstat /Users/dynamo/Desktop/Dev/react/nek-studios/dataconnect: no such file or directory\n"}}
[debug] [2026-08-11T10:35:39.032Z] E0811 10:35:39.025658   30960 watch.go:40] Failed to load config from "/Users/dynamo/Desktop/Dev/react/nek-studios/dataconnect": could not find dataconnect.yaml in `/Users/dynamo/Desktop/Dev/react/nek-studios/dataconnect`
 {"metadata":{"emulator":{"name":"dataconnect"},"message":"E0811 10:35:39.025658   30960 watch.go:40] Failed to load config from \"/Users/dynamo/Desktop/Dev/react/nek-studios/dataconnect\": could not find dataconnect.yaml in `/Users/dynamo/Desktop/Dev/react/nek-studios/dataconnect`\n"}}
[debug] [2026-08-11T10:35:49.026Z] E0811 10:35:49.023925   30960 watch.go:40] Failed to load config from "/Users/dynamo/Desktop/Dev/react/nek-studios/dataconnect": could not find dataconnect.yaml in `/Users/dynamo/Desktop/Dev/react/nek-studios/dataconnect`
 {"metadata":{"emulator":{"name":"dataconnect"},"message":"E0811 10:35:49.023925   30960 watch.go:40] Failed to load config from \"/Users/dynamo/Desktop/Dev/react/nek-studios/dataconnect\": could not find dataconnect.yaml in `/Users/dynamo/Desktop/Dev/react/nek-studios/dataconnect`\n"}}
[debug] [2026-08-11T10:35:59.029Z] E0811 10:35:59.023748   30960 watch.go:40] Failed to load config from "/Users/dynamo/Desktop/Dev/react/nek-studios/dataconnect": could not find dataconnect.yaml in `/Users/dynamo/Desktop/Dev/react/nek-studios/dataconnect`
 {"metadata":{"emulator":{"name":"dataconnect"},"message":"E0811 10:35:59.023748   30960 watch.go:40] Failed to load config from \"/Users/dynamo/Desktop/Dev/react/nek-studios/dataconnect\": could not find dataconnect.yaml in `/Users/dynamo/Desktop/Dev/react/nek-studios/dataconnect`\n"}}
[debug] [2026-08-11T10:36:09.029Z] E0811 10:36:09.023644   30960 watch.go:40] Failed to load config from "/Users/dynamo/Desktop/Dev/react/nek-studios/dataconnect": could not find dataconnect.yaml in `/Users/dynamo/Desktop/Dev/react/nek-studios/dataconnect`
 {"metadata":{"emulator":{"name":"dataconnect"},"message":"E0811 10:36:09.023644   30960 watch.go:40] Failed to load config from \"/Users/dynamo/Desktop/Dev/react/nek-studios/dataconnect\": could not find dataconnect.yaml in `/Users/dynamo/Desktop/Dev/react/nek-studios/dataconnect`\n"}}
[debug] [2026-08-11T10:36:19.025Z] E0811 10:36:19.025375   30960 watch.go:40] Failed to load config from "/Users/dynamo/Desktop/Dev/react/nek-studios/dataconnect": could not find dataconnect.yaml in `/Users/dynamo/Desktop/Dev/react/nek-studios/dataconnect`
 {"metadata":{"emulator":{"name":"dataconnect"},"message":"E0811 10:36:19.025375   30960 watch.go:40] Failed to load config from \"/Users/dynamo/Desktop/Dev/react/nek-studios/dataconnect\": could not find dataconnect.yaml in `/Users/dynamo/Desktop/Dev/react/nek-studios/dataconnect`\n"}}
[debug] [2026-08-11T10:36:29.023Z] E0811 10:36:29.023585   30960 watch.go:40] Failed to load config from "/Users/dynamo/Desktop/Dev/react/nek-studios/dataconnect": could not find dataconnect.yaml in `/Users/dynamo/Desktop/Dev/react/nek-studios/dataconnect`
 {"metadata":{"emulator":{"name":"dataconnect"},"message":"E0811 10:36:29.023585   30960 watch.go:40] Failed to load config from \"/Users/dynamo/Desktop/Dev/react/nek-studios/dataconnect\": could not find dataconnect.yaml in `/Users/dynamo/Desktop/Dev/react/nek-studios/dataconnect`\n"}}
[debug] [2026-08-11T10:36:39.024Z] E0811 10:36:39.023990   30960 watch.go:40] Failed to load config from "/Users/dynamo/Desktop/Dev/react/nek-studios/dataconnect": could not find dataconnect.yaml in `/Users/dynamo/Desktop/Dev/react/nek-studios/dataconnect`
E0811 10:36:39.023370   30960 watch.go:116] watchAllDir unable to walk dir `/Users/dynamo/Desktop/Dev/react/nek-studios/dataconnect`: lstat /Users/dynamo/Desktop/Dev/react/nek-studios/dataconnect: no such file or directory
 {"metadata":{"emulator":{"name":"dataconnect"},"message":"E0811 10:36:39.023990   30960 watch.go:40] Failed to load config from \"/Users/dynamo/Desktop/Dev/react/nek-studios/dataconnect\": could not find dataconnect.yaml in `/Users/dynamo/Desktop/Dev/react/nek-studios/dataconnect`\nE0811 10:36:39.023370   30960 watch.go:116] watchAllDir unable to walk dir `/Users/dynamo/Desktop/Dev/react/nek-studios/dataconnect`: lstat /Users/dynamo/Desktop/Dev/react/nek-studios/dataconnect: no such file or directory\n"}}
[debug] [2026-08-11T10:36:49.023Z] E0811 10:36:49.023474   30960 watch.go:40] Failed to load config from "/Users/dynamo/Desktop/Dev/react/nek-studios/dataconnect": could not find dataconnect.yaml in `/Users/dynamo/Desktop/Dev/react/nek-studios/dataconnect`
 {"metadata":{"emulator":{"name":"dataconnect"},"message":"E0811 10:36:49.023474   30960 watch.go:40] Failed to load config from \"/Users/dynamo/Desktop/Dev/react/nek-studios/dataconnect\": could not find dataconnect.yaml in `/Users/dynamo/Desktop/Dev/react/nek-studios/dataconnect`\n"}}
[debug] [2026-08-11T10:36:59.023Z] E0811 10:36:59.023542   30960 watch.go:40] Failed to load config from "/Users/dynamo/Desktop/Dev/react/nek-studios/dataconnect": could not find dataconnect.yaml in `/Users/dynamo/Desktop/Dev/react/nek-studios/dataconnect`
 {"metadata":{"emulator":{"name":"dataconnect"},"message":"E0811 10:36:59.023542   30960 watch.go:40] Failed to load config from \"/Users/dynamo/Desktop/Dev/react/nek-studios/dataconnect\": could not find dataconnect.yaml in `/Users/dynamo/Desktop/Dev/react/nek-studios/dataconnect`\n"}}
[debug] [2026-08-11T10:37:09.022Z] E0811 10:37:09.022822   30960 watch.go:40] Failed to load config from "/Users/dynamo/Desktop/Dev/react/nek-studios/dataconnect": could not find dataconnect.yaml in `/Users/dynamo/Desktop/Dev/react/nek-studios/dataconnect`
 {"metadata":{"emulator":{"name":"dataconnect"},"message":"E0811 10:37:09.022822   30960 watch.go:40] Failed to load config from \"/Users/dynamo/Desktop/Dev/react/nek-studios/dataconnect\": could not find dataconnect.yaml in `/Users/dynamo/Desktop/Dev/react/nek-studios/dataconnect`\n"}}
[debug] [2026-08-11T10:37:19.023Z] E0811 10:37:19.023092   30960 watch.go:40] Failed to load config from "/Users/dynamo/Desktop/Dev/react/nek-studios/dataconnect": could not find dataconnect.yaml in `/Users/dynamo/Desktop/Dev/react/nek-studios/dataconnect`
 {"metadata":{"emulator":{"name":"dataconnect"},"message":"E0811 10:37:19.023092   30960 watch.go:40] Failed to load config from \"/Users/dynamo/Desktop/Dev/react/nek-studios/dataconnect\": could not find dataconnect.yaml in `/Users/dynamo/Desktop/Dev/react/nek-studios/dataconnect`\n"}}
[debug] [2026-08-11T10:37:29.037Z] E0811 10:37:29.030796   30960 watch.go:40] Failed to load config from "/Users/dynamo/Desktop/Dev/react/nek-studios/dataconnect": could not find dataconnect.yaml in `/Users/dynamo/Desktop/Dev/react/nek-studios/dataconnect`
 {"metadata":{"emulator":{"name":"dataconnect"},"message":"E0811 10:37:29.030796   30960 watch.go:40] Failed to load config from \"/Users/dynamo/Desktop/Dev/react/nek-studios/dataconnect\": could not find dataconnect.yaml in `/Users/dynamo/Desktop/Dev/react/nek-studios/dataconnect`\n"}}
[debug] [2026-08-11T10:37:39.022Z] E0811 10:37:39.022586   30960 watch.go:40] Failed to load config from "/Users/dynamo/Desktop/Dev/react/nek-studios/dataconnect": could not find dataconnect.yaml in `/Users/dynamo/Desktop/Dev/react/nek-studios/dataconnect`
 {"metadata":{"emulator":{"name":"dataconnect"},"message":"E0811 10:37:39.022586   30960 watch.go:40] Failed to load config from \"/Users/dynamo/Desktop/Dev/react/nek-studios/dataconnect\": could not find dataconnect.yaml in `/Users/dynamo/Desktop/Dev/react/nek-studios/dataconnect`\n"}}
[debug] [2026-08-11T10:37:39.024Z] E0811 10:37:39.022548   30960 watch.go:116] watchAllDir unable to walk dir `/Users/dynamo/Desktop/Dev/react/nek-studios/dataconnect`: lstat /Users/dynamo/Desktop/Dev/react/nek-studios/dataconnect: no such file or directory
 {"metadata":{"emulator":{"name":"dataconnect"},"message":"E0811 10:37:39.022548   30960 watch.go:116] watchAllDir unable to walk dir `/Users/dynamo/Desktop/Dev/react/nek-studios/dataconnect`: lstat /Users/dynamo/Desktop/Dev/react/nek-studios/dataconnect: no such file or directory\n"}}
[debug] [2026-08-11T10:37:49.022Z] E0811 10:37:49.022157   30960 watch.go:40] Failed to load config from "/Users/dynamo/Desktop/Dev/react/nek-studios/dataconnect": could not find dataconnect.yaml in `/Users/dynamo/Desktop/Dev/react/nek-studios/dataconnect`
 {"metadata":{"emulator":{"name":"dataconnect"},"message":"E0811 10:37:49.022157   30960 watch.go:40] Failed to load config from \"/Users/dynamo/Desktop/Dev/react/nek-studios/dataconnect\": could not find dataconnect.yaml in `/Users/dynamo/Desktop/Dev/react/nek-studios/dataconnect`\n"}}
[debug] [2026-08-11T10:37:59.022Z] E0811 10:37:59.022254   30960 watch.go:40] Failed to load config from "/Users/dynamo/Desktop/Dev/react/nek-studios/dataconnect": could not find dataconnect.yaml in `/Users/dynamo/Desktop/Dev/react/nek-studios/dataconnect`
 {"metadata":{"emulator":{"name":"dataconnect"},"message":"E0811 10:37:59.022254   30960 watch.go:40] Failed to load config from \"/Users/dynamo/Desktop/Dev/react/nek-studios/dataconnect\": could not find dataconnect.yaml in `/Users/dynamo/Desktop/Dev/react/nek-studios/dataconnect`\n"}}
[debug] [2026-08-11T10:38:09.021Z] E0811 10:38:09.021438   30960 watch.go:40] Failed to load config from "/Users/dynamo/Desktop/Dev/react/nek-studios/dataconnect": could not find dataconnect.yaml in `/Users/dynamo/Desktop/Dev/react/nek-studios/dataconnect`
 {"metadata":{"emulator":{"name":"dataconnect"},"message":"E0811 10:38:09.021438   30960 watch.go:40] Failed to load config from \"/Users/dynamo/Desktop/Dev/react/nek-studios/dataconnect\": could not find dataconnect.yaml in `/Users/dynamo/Desktop/Dev/react/nek-studios/dataconnect`\n"}}
[debug] [2026-08-11T10:38:19.022Z] E0811 10:38:19.022066   30960 watch.go:40] Failed to load config from "/Users/dynamo/Desktop/Dev/react/nek-studios/dataconnect": could not find dataconnect.yaml in `/Users/dynamo/Desktop/Dev/react/nek-studios/dataconnect`
 {"metadata":{"emulator":{"name":"dataconnect"},"message":"E0811 10:38:19.022066   30960 watch.go:40] Failed to load config from \"/Users/dynamo/Desktop/Dev/react/nek-studios/dataconnect\": could not find dataconnect.yaml in `/Users/dynamo/Desktop/Dev/react/nek-studios/dataconnect`\n"}}
[debug] [2026-08-11T10:38:29.021Z] E0811 10:38:29.021857   30960 watch.go:40] Failed to load config from "/Users/dynamo/Desktop/Dev/react/nek-studios/dataconnect": could not find dataconnect.yaml in `/Users/dynamo/Desktop/Dev/react/nek-studios/dataconnect`
 {"metadata":{"emulator":{"name":"dataconnect"},"message":"E0811 10:38:29.021857   30960 watch.go:40] Failed to load config from \"/Users/dynamo/Desktop/Dev/react/nek-studios/dataconnect\": could not find dataconnect.yaml in `/Users/dynamo/Desktop/Dev/react/nek-studios/dataconnect`\n"}}
[debug] [2026-08-11T10:38:39.022Z] E0811 10:38:39.021961   30960 watch.go:40] Failed to load config from "/Users/dynamo/Desktop/Dev/react/nek-studios/dataconnect": could not find dataconnect.yaml in `/Users/dynamo/Desktop/Dev/react/nek-studios/dataconnect`
 {"metadata":{"emulator":{"name":"dataconnect"},"message":"E0811 10:38:39.021961   30960 watch.go:40] Failed to load config from \"/Users/dynamo/Desktop/Dev/react/nek-studios/dataconnect\": could not find dataconnect.yaml in `/Users/dynamo/Desktop/Dev/react/nek-studios/dataconnect`\n"}}
[debug] [2026-08-11T10:38:39.024Z] E0811 10:38:39.021897   30960 watch.go:116] watchAllDir unable to walk dir `/Users/dynamo/Desktop/Dev/react/nek-studios/dataconnect`: lstat /Users/dynamo/Desktop/Dev/react/nek-studios/dataconnect: no such file or directory
 {"metadata":{"emulator":{"name":"dataconnect"},"message":"E0811 10:38:39.021897   30960 watch.go:116] watchAllDir unable to walk dir `/Users/dynamo/Desktop/Dev/react/nek-studios/dataconnect`: lstat /Users/dynamo/Desktop/Dev/react/nek-studios/dataconnect: no such file or directory\n"}}
[debug] [2026-08-11T10:38:49.021Z] E0811 10:38:49.020849   30960 watch.go:40] Failed to load config from "/Users/dynamo/Desktop/Dev/react/nek-studios/dataconnect": could not find dataconnect.yaml in `/Users/dynamo/Desktop/Dev/react/nek-studios/dataconnect`
 {"metadata":{"emulator":{"name":"dataconnect"},"message":"E0811 10:38:49.020849   30960 watch.go:40] Failed to load config from \"/Users/dynamo/Desktop/Dev/react/nek-studios/dataconnect\": could not find dataconnect.yaml in `/Users/dynamo/Desktop/Dev/react/nek-studios/dataconnect`\n"}}
[debug] [2026-08-11T10:38:59.021Z] E0811 10:38:59.021390   30960 watch.go:40] Failed to load config from "/Users/dynamo/Desktop/Dev/react/nek-studios/dataconnect": could not find dataconnect.yaml in `/Users/dynamo/Desktop/Dev/react/nek-studios/dataconnect`
 {"metadata":{"emulator":{"name":"dataconnect"},"message":"E0811 10:38:59.021390   30960 watch.go:40] Failed to load config from \"/Users/dynamo/Desktop/Dev/react/nek-studios/dataconnect\": could not find dataconnect.yaml in `/Users/dynamo/Desktop/Dev/react/nek-studios/dataconnect`\n"}}
[debug] [2026-08-11T10:39:09.021Z] E0811 10:39:09.021240   30960 watch.go:40] Failed to load config from "/Users/dynamo/Desktop/Dev/react/nek-studios/dataconnect": could not find dataconnect.yaml in `/Users/dynamo/Desktop/Dev/react/nek-studios/dataconnect`
 {"metadata":{"emulator":{"name":"dataconnect"},"message":"E0811 10:39:09.021240   30960 watch.go:40] Failed to load config from \"/Users/dynamo/Desktop/Dev/react/nek-studios/dataconnect\": could not find dataconnect.yaml in `/Users/dynamo/Desktop/Dev/react/nek-studios/dataconnect`\n"}}
[debug] [2026-08-11T10:39:19.021Z] E0811 10:39:19.021147   30960 watch.go:40] Failed to load config from "/Users/dynamo/Desktop/Dev/react/nek-studios/dataconnect": could not find dataconnect.yaml in `/Users/dynamo/Desktop/Dev/react/nek-studios/dataconnect`
 {"metadata":{"emulator":{"name":"dataconnect"},"message":"E0811 10:39:19.021147   30960 watch.go:40] Failed to load config from \"/Users/dynamo/Desktop/Dev/react/nek-studios/dataconnect\": could not find dataconnect.yaml in `/Users/dynamo/Desktop/Dev/react/nek-studios/dataconnect`\n"}}
[debug] [2026-08-11T10:39:29.021Z] E0811 10:39:29.021084   30960 watch.go:40] Failed to load config from "/Users/dynamo/Desktop/Dev/react/nek-studios/dataconnect": could not find dataconnect.yaml in `/Users/dynamo/Desktop/Dev/react/nek-studios/dataconnect`
 {"metadata":{"emulator":{"name":"dataconnect"},"message":"E0811 10:39:29.021084   30960 watch.go:40] Failed to load config from \"/Users/dynamo/Desktop/Dev/react/nek-studios/dataconnect\": could not find dataconnect.yaml in `/Users/dynamo/Desktop/Dev/react/nek-studios/dataconnect`\n"}}
[debug] [2026-08-11T10:39:39.021Z] E0811 10:39:39.020919   30960 watch.go:40] Failed to load config from "/Users/dynamo/Desktop/Dev/react/nek-studios/dataconnect": could not find dataconnect.yaml in `/Users/dynamo/Desktop/Dev/react/nek-studios/dataconnect`
E0811 10:39:39.020892   30960 watch.go:116] watchAllDir unable to walk dir `/Users/dynamo/Desktop/Dev/react/nek-studios/dataconnect`: lstat /Users/dynamo/Desktop/Dev/react/nek-studios/dataconnect: no such file or directory
 {"metadata":{"emulator":{"name":"dataconnect"},"message":"E0811 10:39:39.020919   30960 watch.go:40] Failed to load config from \"/Users/dynamo/Desktop/Dev/react/nek-studios/dataconnect\": could not find dataconnect.yaml in `/Users/dynamo/Desktop/Dev/react/nek-studios/dataconnect`\nE0811 10:39:39.020892   30960 watch.go:116] watchAllDir unable to walk dir `/Users/dynamo/Desktop/Dev/react/nek-studios/dataconnect`: lstat /Users/dynamo/Desktop/Dev/react/nek-studios/dataconnect: no such file or directory\n"}}
[debug] [2026-08-11T10:39:49.020Z] E0811 10:39:49.020788   30960 watch.go:40] Failed to load config from "/Users/dynamo/Desktop/Dev/react/nek-studios/dataconnect": could not find dataconnect.yaml in `/Users/dynamo/Desktop/Dev/react/nek-studios/dataconnect`
 {"metadata":{"emulator":{"name":"dataconnect"},"message":"E0811 10:39:49.020788   30960 watch.go:40] Failed to load config from \"/Users/dynamo/Desktop/Dev/react/nek-studios/dataconnect\": could not find dataconnect.yaml in `/Users/dynamo/Desktop/Dev/react/nek-studios/dataconnect`\n"}}
[debug] [2026-08-11T10:39:59.022Z] E0811 10:39:59.020630   30960 watch.go:40] Failed to load config from "/Users/dynamo/Desktop/Dev/react/nek-studios/dataconnect": could not find dataconnect.yaml in `/Users/dynamo/Desktop/Dev/react/nek-studios/dataconnect`
 {"metadata":{"emulator":{"name":"dataconnect"},"message":"E0811 10:39:59.020630   30960 watch.go:40] Failed to load config from \"/Users/dynamo/Desktop/Dev/react/nek-studios/dataconnect\": could not find dataconnect.yaml in `/Users/dynamo/Desktop/Dev/react/nek-studios/dataconnect`\n"}}
[debug] [2026-08-11T10:40:09.020Z] E0811 10:40:09.020500   30960 watch.go:40] Failed to load config from "/Users/dynamo/Desktop/Dev/react/nek-studios/dataconnect": could not find dataconnect.yaml in `/Users/dynamo/Desktop/Dev/react/nek-studios/dataconnect`
 {"metadata":{"emulator":{"name":"dataconnect"},"message":"E0811 10:40:09.020500   30960 watch.go:40] Failed to load config from \"/Users/dynamo/Desktop/Dev/react/nek-studios/dataconnect\": could not find dataconnect.yaml in `/Users/dynamo/Desktop/Dev/react/nek-studios/dataconnect`\n"}}
[debug] [2026-08-11T10:40:19.020Z] E0811 10:40:19.020370   30960 watch.go:40] Failed to load config from "/Users/dynamo/Desktop/Dev/react/nek-studios/dataconnect": could not find dataconnect.yaml in `/Users/dynamo/Desktop/Dev/react/nek-studios/dataconnect`
 {"metadata":{"emulator":{"name":"dataconnect"},"message":"E0811 10:40:19.020370   30960 watch.go:40] Failed to load config from \"/Users/dynamo/Desktop/Dev/react/nek-studios/dataconnect\": could not find dataconnect.yaml in `/Users/dynamo/Desktop/Dev/react/nek-studios/dataconnect`\n"}}
[debug] [2026-08-11T10:40:29.021Z] E0811 10:40:29.019779   30960 watch.go:40] Failed to load config from "/Users/dynamo/Desktop/Dev/react/nek-studios/dataconnect": could not find dataconnect.yaml in `/Users/dynamo/Desktop/Dev/react/nek-studios/dataconnect`
 {"metadata":{"emulator":{"name":"dataconnect"},"message":"E0811 10:40:29.019779   30960 watch.go:40] Failed to load config from \"/Users/dynamo/Desktop/Dev/react/nek-studios/dataconnect\": could not find dataconnect.yaml in `/Users/dynamo/Desktop/Dev/react/nek-studios/dataconnect`\n"}}
[debug] [2026-08-11T10:40:39.020Z] E0811 10:40:39.020104   30960 watch.go:116] watchAllDir unable to walk dir `/Users/dynamo/Desktop/Dev/react/nek-studios/dataconnect`: lstat /Users/dynamo/Desktop/Dev/react/nek-studios/dataconnect: no such file or directory
E0811 10:40:39.020131   30960 watch.go:40] Failed to load config from "/Users/dynamo/Desktop/Dev/react/nek-studios/dataconnect": could not find dataconnect.yaml in `/Users/dynamo/Desktop/Dev/react/nek-studios/dataconnect`
 {"metadata":{"emulator":{"name":"dataconnect"},"message":"E0811 10:40:39.020104   30960 watch.go:116] watchAllDir unable to walk dir `/Users/dynamo/Desktop/Dev/react/nek-studios/dataconnect`: lstat /Users/dynamo/Desktop/Dev/react/nek-studios/dataconnect: no such file or directory\nE0811 10:40:39.020131   30960 watch.go:40] Failed to load config from \"/Users/dynamo/Desktop/Dev/react/nek-studios/dataconnect\": could not find dataconnect.yaml in `/Users/dynamo/Desktop/Dev/react/nek-studios/dataconnect`\n"}}
[debug] [2026-08-11T10:40:49.020Z] E0811 10:40:49.020057   30960 watch.go:40] Failed to load config from "/Users/dynamo/Desktop/Dev/react/nek-studios/dataconnect": could not find dataconnect.yaml in `/Users/dynamo/Desktop/Dev/react/nek-studios/dataconnect`
 {"metadata":{"emulator":{"name":"dataconnect"},"message":"E0811 10:40:49.020057   30960 watch.go:40] Failed to load config from \"/Users/dynamo/Desktop/Dev/react/nek-studios/dataconnect\": could not find dataconnect.yaml in `/Users/dynamo/Desktop/Dev/react/nek-studios/dataconnect`\n"}}
[debug] [2026-08-11T10:40:59.019Z] E0811 10:40:59.019877   30960 watch.go:40] Failed to load config from "/Users/dynamo/Desktop/Dev/react/nek-studios/dataconnect": could not find dataconnect.yaml in `/Users/dynamo/Desktop/Dev/react/nek-studios/dataconnect`
 {"metadata":{"emulator":{"name":"dataconnect"},"message":"E0811 10:40:59.019877   30960 watch.go:40] Failed to load config from \"/Users/dynamo/Desktop/Dev/react/nek-studios/dataconnect\": could not find dataconnect.yaml in `/Users/dynamo/Desktop/Dev/react/nek-studios/dataconnect`\n"}}
[debug] [2026-08-11T10:41:09.019Z] E0811 10:41:09.019767   30960 watch.go:40] Failed to load config from "/Users/dynamo/Desktop/Dev/react/nek-studios/dataconnect": could not find dataconnect.yaml in `/Users/dynamo/Desktop/Dev/react/nek-studios/dataconnect`
 {"metadata":{"emulator":{"name":"dataconnect"},"message":"E0811 10:41:09.019767   30960 watch.go:40] Failed to load config from \"/Users/dynamo/Desktop/Dev/react/nek-studios/dataconnect\": could not find dataconnect.yaml in `/Users/dynamo/Desktop/Dev/react/nek-studios/dataconnect`\n"}}
[debug] [2026-08-11T10:41:19.019Z] E0811 10:41:19.019650   30960 watch.go:40] Failed to load config from "/Users/dynamo/Desktop/Dev/react/nek-studios/dataconnect": could not find dataconnect.yaml in `/Users/dynamo/Desktop/Dev/react/nek-studios/dataconnect`
 {"metadata":{"emulator":{"name":"dataconnect"},"message":"E0811 10:41:19.019650   30960 watch.go:40] Failed to load config from \"/Users/dynamo/Desktop/Dev/react/nek-studios/dataconnect\": could not find dataconnect.yaml in `/Users/dynamo/Desktop/Dev/react/nek-studios/dataconnect`\n"}}
[debug] [2026-08-11T10:41:29.019Z] E0811 10:41:29.019524   30960 watch.go:40] Failed to load config from "/Users/dynamo/Desktop/Dev/react/nek-studios/dataconnect": could not find dataconnect.yaml in `/Users/dynamo/Desktop/Dev/react/nek-studios/dataconnect`
 {"metadata":{"emulator":{"name":"dataconnect"},"message":"E0811 10:41:29.019524   30960 watch.go:40] Failed to load config from \"/Users/dynamo/Desktop/Dev/react/nek-studios/dataconnect\": could not find dataconnect.yaml in `/Users/dynamo/Desktop/Dev/react/nek-studios/dataconnect`\n"}}
[debug] [2026-08-11T10:41:39.019Z] E0811 10:41:39.019375   30960 watch.go:40] Failed to load config from "/Users/dynamo/Desktop/Dev/react/nek-studios/dataconnect": could not find dataconnect.yaml in `/Users/dynamo/Desktop/Dev/react/nek-studios/dataconnect`
 {"metadata":{"emulator":{"name":"dataconnect"},"message":"E0811 10:41:39.019375   30960 watch.go:40] Failed to load config from \"/Users/dynamo/Desktop/Dev/react/nek-studios/dataconnect\": could not find dataconnect.yaml in `/Users/dynamo/Desktop/Dev/react/nek-studios/dataconnect`\n"}}
[debug] [2026-08-11T10:41:39.020Z] E0811 10:41:39.019322   30960 watch.go:116] watchAllDir unable to walk dir `/Users/dynamo/Desktop/Dev/react/nek-studios/dataconnect`: lstat /Users/dynamo/Desktop/Dev/react/nek-studios/dataconnect: no such file or directory
 {"metadata":{"emulator":{"name":"dataconnect"},"message":"E0811 10:41:39.019322   30960 watch.go:116] watchAllDir unable to walk dir `/Users/dynamo/Desktop/Dev/react/nek-studios/dataconnect`: lstat /Users/dynamo/Desktop/Dev/react/nek-studios/dataconnect: no such file or directory\n"}}
[debug] [2026-08-11T10:41:49.019Z] E0811 10:41:49.019219   30960 watch.go:40] Failed to load config from "/Users/dynamo/Desktop/Dev/react/nek-studios/dataconnect": could not find dataconnect.yaml in `/Users/dynamo/Desktop/Dev/react/nek-studios/dataconnect`
 {"metadata":{"emulator":{"name":"dataconnect"},"message":"E0811 10:41:49.019219   30960 watch.go:40] Failed to load config from \"/Users/dynamo/Desktop/Dev/react/nek-studios/dataconnect\": could not find dataconnect.yaml in `/Users/dynamo/Desktop/Dev/react/nek-studios/dataconnect`\n"}}
[debug] [2026-08-11T10:41:59.020Z] E0811 10:41:59.019055   30960 watch.go:40] Failed to load config from "/Users/dynamo/Desktop/Dev/react/nek-studios/dataconnect": could not find dataconnect.yaml in `/Users/dynamo/Desktop/Dev/react/nek-studios/dataconnect`
 {"metadata":{"emulator":{"name":"dataconnect"},"message":"E0811 10:41:59.019055   30960 watch.go:40] Failed to load config from \"/Users/dynamo/Desktop/Dev/react/nek-studios/dataconnect\": could not find dataconnect.yaml in `/Users/dynamo/Desktop/Dev/react/nek-studios/dataconnect`\n"}}
[debug] [2026-08-11T10:42:09.020Z] E0811 10:42:09.019000   30960 watch.go:40] Failed to load config from "/Users/dynamo/Desktop/Dev/react/nek-studios/dataconnect": could not find dataconnect.yaml in `/Users/dynamo/Desktop/Dev/react/nek-studios/dataconnect`
 {"metadata":{"emulator":{"name":"dataconnect"},"message":"E0811 10:42:09.019000   30960 watch.go:40] Failed to load config from \"/Users/dynamo/Desktop/Dev/react/nek-studios/dataconnect\": could not find dataconnect.yaml in `/Users/dynamo/Desktop/Dev/react/nek-studios/dataconnect`\n"}}
[debug] [2026-08-11T10:42:19.021Z] E0811 10:42:19.018860   30960 watch.go:40] Failed to load config from "/Users/dynamo/Desktop/Dev/react/nek-studios/dataconnect": could not find dataconnect.yaml in `/Users/dynamo/Desktop/Dev/react/nek-studios/dataconnect`
 {"metadata":{"emulator":{"name":"dataconnect"},"message":"E0811 10:42:19.018860   30960 watch.go:40] Failed to load config from \"/Users/dynamo/Desktop/Dev/react/nek-studios/dataconnect\": could not find dataconnect.yaml in `/Users/dynamo/Desktop/Dev/react/nek-studios/dataconnect`\n"}}
[debug] [2026-08-11T10:42:29.021Z] E0811 10:42:29.017795   30960 watch.go:40] Failed to load config from "/Users/dynamo/Desktop/Dev/react/nek-studios/dataconnect": could not find dataconnect.yaml in `/Users/dynamo/Desktop/Dev/react/nek-studios/dataconnect`
 {"metadata":{"emulator":{"name":"dataconnect"},"message":"E0811 10:42:29.017795   30960 watch.go:40] Failed to load config from \"/Users/dynamo/Desktop/Dev/react/nek-studios/dataconnect\": could not find dataconnect.yaml in `/Users/dynamo/Desktop/Dev/react/nek-studios/dataconnect`\n"}}
[debug] [2026-08-11T10:42:39.024Z] E0811 10:42:39.018706   30960 watch.go:40] Failed to load config from "/Users/dynamo/Desktop/Dev/react/nek-studios/dataconnect": could not find dataconnect.yaml in `/Users/dynamo/Desktop/Dev/react/nek-studios/dataconnect`
E0811 10:42:39.018567   30960 watch.go:116] watchAllDir unable to walk dir `/Users/dynamo/Desktop/Dev/react/nek-studios/dataconnect`: lstat /Users/dynamo/Desktop/Dev/react/nek-studios/dataconnect: no such file or directory
 {"metadata":{"emulator":{"name":"dataconnect"},"message":"E0811 10:42:39.018706   30960 watch.go:40] Failed to load config from \"/Users/dynamo/Desktop/Dev/react/nek-studios/dataconnect\": could not find dataconnect.yaml in `/Users/dynamo/Desktop/Dev/react/nek-studios/dataconnect`\nE0811 10:42:39.018567   30960 watch.go:116] watchAllDir unable to walk dir `/Users/dynamo/Desktop/Dev/react/nek-studios/dataconnect`: lstat /Users/dynamo/Desktop/Dev/react/nek-studios/dataconnect: no such file or directory\n"}}
[debug] [2026-08-11T10:42:49.018Z] E0811 10:42:49.018218   30960 watch.go:40] Failed to load config from "/Users/dynamo/Desktop/Dev/react/nek-studios/dataconnect": could not find dataconnect.yaml in `/Users/dynamo/Desktop/Dev/react/nek-studios/dataconnect`
 {"metadata":{"emulator":{"name":"dataconnect"},"message":"E0811 10:42:49.018218   30960 watch.go:40] Failed to load config from \"/Users/dynamo/Desktop/Dev/react/nek-studios/dataconnect\": could not find dataconnect.yaml in `/Users/dynamo/Desktop/Dev/react/nek-studios/dataconnect`\n"}}
[debug] [2026-08-11T10:42:59.028Z] E0811 10:42:59.028543   30960 watch.go:40] Failed to load config from "/Users/dynamo/Desktop/Dev/react/nek-studios/dataconnect": could not find dataconnect.yaml in `/Users/dynamo/Desktop/Dev/react/nek-studios/dataconnect`
 {"metadata":{"emulator":{"name":"dataconnect"},"message":"E0811 10:42:59.028543   30960 watch.go:40] Failed to load config from \"/Users/dynamo/Desktop/Dev/react/nek-studios/dataconnect\": could not find dataconnect.yaml in `/Users/dynamo/Desktop/Dev/react/nek-studios/dataconnect`\n"}}
[debug] [2026-08-11T10:43:09.037Z] E0811 10:43:09.037204   30960 watch.go:40] Failed to load config from "/Users/dynamo/Desktop/Dev/react/nek-studios/dataconnect": could not find dataconnect.yaml in `/Users/dynamo/Desktop/Dev/react/nek-studios/dataconnect`
 {"metadata":{"emulator":{"name":"dataconnect"},"message":"E0811 10:43:09.037204   30960 watch.go:40] Failed to load config from \"/Users/dynamo/Desktop/Dev/react/nek-studios/dataconnect\": could not find dataconnect.yaml in `/Users/dynamo/Desktop/Dev/react/nek-studios/dataconnect`\n"}}
[debug] [2026-08-11T10:43:19.043Z] E0811 10:43:19.042991   30960 watch.go:40] Failed to load config from "/Users/dynamo/Desktop/Dev/react/nek-studios/dataconnect": could not find dataconnect.yaml in `/Users/dynamo/Desktop/Dev/react/nek-studios/dataconnect`
 {"metadata":{"emulator":{"name":"dataconnect"},"message":"E0811 10:43:19.042991   30960 watch.go:40] Failed to load config from \"/Users/dynamo/Desktop/Dev/react/nek-studios/dataconnect\": could not find dataconnect.yaml in `/Users/dynamo/Desktop/Dev/react/nek-studios/dataconnect`\n"}}
[debug] [2026-08-11T10:43:29.045Z] E0811 10:43:29.045450   30960 watch.go:40] Failed to load config from "/Users/dynamo/Desktop/Dev/react/nek-studios/dataconnect": could not find dataconnect.yaml in `/Users/dynamo/Desktop/Dev/react/nek-studios/dataconnect`
 {"metadata":{"emulator":{"name":"dataconnect"},"message":"E0811 10:43:29.045450   30960 watch.go:40] Failed to load config from \"/Users/dynamo/Desktop/Dev/react/nek-studios/dataconnect\": could not find dataconnect.yaml in `/Users/dynamo/Desktop/Dev/react/nek-studios/dataconnect`\n"}}
[debug] [2026-08-11T10:43:39.046Z] E0811 10:43:39.046562   30960 watch.go:40] Failed to load config from "/Users/dynamo/Desktop/Dev/react/nek-studios/dataconnect": could not find dataconnect.yaml in `/Users/dynamo/Desktop/Dev/react/nek-studios/dataconnect`
E0811 10:43:39.046519   30960 watch.go:116] watchAllDir unable to walk dir `/Users/dynamo/Desktop/Dev/react/nek-studios/dataconnect`: lstat /Users/dynamo/Desktop/Dev/react/nek-studios/dataconnect: no such file or directory
 {"metadata":{"emulator":{"name":"dataconnect"},"message":"E0811 10:43:39.046562   30960 watch.go:40] Failed to load config from \"/Users/dynamo/Desktop/Dev/react/nek-studios/dataconnect\": could not find dataconnect.yaml in `/Users/dynamo/Desktop/Dev/react/nek-studios/dataconnect`\nE0811 10:43:39.046519   30960 watch.go:116] watchAllDir unable to walk dir `/Users/dynamo/Desktop/Dev/react/nek-studios/dataconnect`: lstat /Users/dynamo/Desktop/Dev/react/nek-studios/dataconnect: no such file or directory\n"}}
[debug] [2026-08-11T10:43:49.047Z] E0811 10:43:49.047169   30960 watch.go:40] Failed to load config from "/Users/dynamo/Desktop/Dev/react/nek-studios/dataconnect": could not find dataconnect.yaml in `/Users/dynamo/Desktop/Dev/react/nek-studios/dataconnect`
 {"metadata":{"emulator":{"name":"dataconnect"},"message":"E0811 10:43:49.047169   30960 watch.go:40] Failed to load config from \"/Users/dynamo/Desktop/Dev/react/nek-studios/dataconnect\": could not find dataconnect.yaml in `/Users/dynamo/Desktop/Dev/react/nek-studios/dataconnect`\n"}}
[debug] [2026-08-11T10:43:59.047Z] E0811 10:43:59.047498   30960 watch.go:40] Failed to load config from "/Users/dynamo/Desktop/Dev/react/nek-studios/dataconnect": could not find dataconnect.yaml in `/Users/dynamo/Desktop/Dev/react/nek-studios/dataconnect`
 {"metadata":{"emulator":{"name":"dataconnect"},"message":"E0811 10:43:59.047498   30960 watch.go:40] Failed to load config from \"/Users/dynamo/Desktop/Dev/react/nek-studios/dataconnect\": could not find dataconnect.yaml in `/Users/dynamo/Desktop/Dev/react/nek-studios/dataconnect`\n"}}
[debug] [2026-08-11T10:44:09.047Z] E0811 10:44:09.047666   30960 watch.go:40] Failed to load config from "/Users/dynamo/Desktop/Dev/react/nek-studios/dataconnect": could not find dataconnect.yaml in `/Users/dynamo/Desktop/Dev/react/nek-studios/dataconnect`
 {"metadata":{"emulator":{"name":"dataconnect"},"message":"E0811 10:44:09.047666   30960 watch.go:40] Failed to load config from \"/Users/dynamo/Desktop/Dev/react/nek-studios/dataconnect\": could not find dataconnect.yaml in `/Users/dynamo/Desktop/Dev/react/nek-studios/dataconnect`\n"}}
[debug] [2026-08-11T10:44:19.047Z] E0811 10:44:19.047277   30960 watch.go:40] Failed to load config from "/Users/dynamo/Desktop/Dev/react/nek-studios/dataconnect": could not find dataconnect.yaml in `/Users/dynamo/Desktop/Dev/react/nek-studios/dataconnect`
 {"metadata":{"emulator":{"name":"dataconnect"},"message":"E0811 10:44:19.047277   30960 watch.go:40] Failed to load config from \"/Users/dynamo/Desktop/Dev/react/nek-studios/dataconnect\": could not find dataconnect.yaml in `/Users/dynamo/Desktop/Dev/react/nek-studios/dataconnect`\n"}}
[debug] [2026-08-11T10:44:29.047Z] E0811 10:44:29.046926   30960 watch.go:40] Failed to load config from "/Users/dynamo/Desktop/Dev/react/nek-studios/dataconnect": could not find dataconnect.yaml in `/Users/dynamo/Desktop/Dev/react/nek-studios/dataconnect`
 {"metadata":{"emulator":{"name":"dataconnect"},"message":"E0811 10:44:29.046926   30960 watch.go:40] Failed to load config from \"/Users/dynamo/Desktop/Dev/react/nek-studios/dataconnect\": could not find dataconnect.yaml in `/Users/dynamo/Desktop/Dev/react/nek-studios/dataconnect`\n"}}
[debug] [2026-08-11T10:44:39.056Z] E0811 10:44:39.054650   30960 watch.go:116] watchAllDir unable to walk dir `/Users/dynamo/Desktop/Dev/react/nek-studios/dataconnect`: lstat /Users/dynamo/Desktop/Dev/react/nek-studios/dataconnect: no such file or directory
 {"metadata":{"emulator":{"name":"dataconnect"},"message":"E0811 10:44:39.054650   30960 watch.go:116] watchAllDir unable to walk dir `/Users/dynamo/Desktop/Dev/react/nek-studios/dataconnect`: lstat /Users/dynamo/Desktop/Dev/react/nek-studios/dataconnect: no such file or directory\n"}}
[debug] [2026-08-11T10:44:39.064Z] E0811 10:44:39.057410   30960 watch.go:40] Failed to load config from "/Users/dynamo/Desktop/Dev/react/nek-studios/dataconnect": could not find dataconnect.yaml in `/Users/dynamo/Desktop/Dev/react/nek-studios/dataconnect`
 {"metadata":{"emulator":{"name":"dataconnect"},"message":"E0811 10:44:39.057410   30960 watch.go:40] Failed to load config from \"/Users/dynamo/Desktop/Dev/react/nek-studios/dataconnect\": could not find dataconnect.yaml in `/Users/dynamo/Desktop/Dev/react/nek-studios/dataconnect`\n"}}
[debug] [2026-08-11T10:44:49.066Z] E0811 10:44:49.066080   30960 watch.go:40] Failed to load config from "/Users/dynamo/Desktop/Dev/react/nek-studios/dataconnect": could not find dataconnect.yaml in `/Users/dynamo/Desktop/Dev/react/nek-studios/dataconnect`
 {"metadata":{"emulator":{"name":"dataconnect"},"message":"E0811 10:44:49.066080   30960 watch.go:40] Failed to load config from \"/Users/dynamo/Desktop/Dev/react/nek-studios/dataconnect\": could not find dataconnect.yaml in `/Users/dynamo/Desktop/Dev/react/nek-studios/dataconnect`\n"}}
[debug] [2026-08-11T10:44:59.047Z] E0811 10:44:59.047129   30960 watch.go:40] Failed to load config from "/Users/dynamo/Desktop/Dev/react/nek-studios/dataconnect": could not find dataconnect.yaml in `/Users/dynamo/Desktop/Dev/react/nek-studios/dataconnect`
 {"metadata":{"emulator":{"name":"dataconnect"},"message":"E0811 10:44:59.047129   30960 watch.go:40] Failed to load config from \"/Users/dynamo/Desktop/Dev/react/nek-studios/dataconnect\": could not find dataconnect.yaml in `/Users/dynamo/Desktop/Dev/react/nek-studios/dataconnect`\n"}}
[debug] [2026-08-11T10:45:09.265Z] E0811 10:45:09.159428   30960 watch.go:40] Failed to load config from "/Users/dynamo/Desktop/Dev/react/nek-studios/dataconnect": could not find dataconnect.yaml in `/Users/dynamo/Desktop/Dev/react/nek-studios/dataconnect`
 {"metadata":{"emulator":{"name":"dataconnect"},"message":"E0811 10:45:09.159428   30960 watch.go:40] Failed to load config from \"/Users/dynamo/Desktop/Dev/react/nek-studios/dataconnect\": could not find dataconnect.yaml in `/Users/dynamo/Desktop/Dev/react/nek-studios/dataconnect`\n"}}
[debug] [2026-08-11T10:45:19.931Z] E0811 10:45:19.827792   30960 watch.go:40] Failed to load config from "/Users/dynamo/Desktop/Dev/react/nek-studios/dataconnect": could not find dataconnect.yaml in `/Users/dynamo/Desktop/Dev/react/nek-studios/dataconnect`
 {"metadata":{"emulator":{"name":"dataconnect"},"message":"E0811 10:45:19.827792   30960 watch.go:40] Failed to load config from \"/Users/dynamo/Desktop/Dev/react/nek-studios/dataconnect\": could not find dataconnect.yaml in `/Users/dynamo/Desktop/Dev/react/nek-studios/dataconnect`\n"}}
[debug] [2026-08-11T10:45:29.048Z] E0811 10:45:29.047390   30960 watch.go:40] Failed to load config from "/Users/dynamo/Desktop/Dev/react/nek-studios/dataconnect": could not find dataconnect.yaml in `/Users/dynamo/Desktop/Dev/react/nek-studios/dataconnect`
 {"metadata":{"emulator":{"name":"dataconnect"},"message":"E0811 10:45:29.047390   30960 watch.go:40] Failed to load config from \"/Users/dynamo/Desktop/Dev/react/nek-studios/dataconnect\": could not find dataconnect.yaml in `/Users/dynamo/Desktop/Dev/react/nek-studios/dataconnect`\n"}}
[debug] [2026-08-11T10:45:39.048Z] E0811 10:45:39.046697   30960 watch.go:116] watchAllDir unable to walk dir `/Users/dynamo/Desktop/Dev/react/nek-studios/dataconnect`: lstat /Users/dynamo/Desktop/Dev/react/nek-studios/dataconnect: no such file or directory
 {"metadata":{"emulator":{"name":"dataconnect"},"message":"E0811 10:45:39.046697   30960 watch.go:116] watchAllDir unable to walk dir `/Users/dynamo/Desktop/Dev/react/nek-studios/dataconnect`: lstat /Users/dynamo/Desktop/Dev/react/nek-studios/dataconnect: no such file or directory\n"}}
[debug] [2026-08-11T10:45:39.051Z] E0811 10:45:39.048644   30960 watch.go:40] Failed to load config from "/Users/dynamo/Desktop/Dev/react/nek-studios/dataconnect": could not find dataconnect.yaml in `/Users/dynamo/Desktop/Dev/react/nek-studios/dataconnect`
 {"metadata":{"emulator":{"name":"dataconnect"},"message":"E0811 10:45:39.048644   30960 watch.go:40] Failed to load config from \"/Users/dynamo/Desktop/Dev/react/nek-studios/dataconnect\": could not find dataconnect.yaml in `/Users/dynamo/Desktop/Dev/react/nek-studios/dataconnect`\n"}}
[debug] [2026-08-11T10:45:49.046Z] E0811 10:45:49.046845   30960 watch.go:40] Failed to load config from "/Users/dynamo/Desktop/Dev/react/nek-studios/dataconnect": could not find dataconnect.yaml in `/Users/dynamo/Desktop/Dev/react/nek-studios/dataconnect`
 {"metadata":{"emulator":{"name":"dataconnect"},"message":"E0811 10:45:49.046845   30960 watch.go:40] Failed to load config from \"/Users/dynamo/Desktop/Dev/react/nek-studios/dataconnect\": could not find dataconnect.yaml in `/Users/dynamo/Desktop/Dev/react/nek-studios/dataconnect`\n"}}
[debug] [2026-08-11T10:45:59.046Z] E0811 10:45:59.046433   30960 watch.go:40] Failed to load config from "/Users/dynamo/Desktop/Dev/react/nek-studios/dataconnect": could not find dataconnect.yaml in `/Users/dynamo/Desktop/Dev/react/nek-studios/dataconnect`
 {"metadata":{"emulator":{"name":"dataconnect"},"message":"E0811 10:45:59.046433   30960 watch.go:40] Failed to load config from \"/Users/dynamo/Desktop/Dev/react/nek-studios/dataconnect\": could not find dataconnect.yaml in `/Users/dynamo/Desktop/Dev/react/nek-studios/dataconnect`\n"}}
[debug] [2026-08-11T10:46:09.048Z] E0811 10:46:09.047828   30960 watch.go:40] Failed to load config from "/Users/dynamo/Desktop/Dev/react/nek-studios/dataconnect": could not find dataconnect.yaml in `/Users/dynamo/Desktop/Dev/react/nek-studios/dataconnect`
 {"metadata":{"emulator":{"name":"dataconnect"},"message":"E0811 10:46:09.047828   30960 watch.go:40] Failed to load config from \"/Users/dynamo/Desktop/Dev/react/nek-studios/dataconnect\": could not find dataconnect.yaml in `/Users/dynamo/Desktop/Dev/react/nek-studios/dataconnect`\n"}}
[debug] [2026-08-11T10:46:19.051Z] E0811 10:46:19.050256   30960 watch.go:40] Failed to load config from "/Users/dynamo/Desktop/Dev/react/nek-studios/dataconnect": could not find dataconnect.yaml in `/Users/dynamo/Desktop/Dev/react/nek-studios/dataconnect`
 {"metadata":{"emulator":{"name":"dataconnect"},"message":"E0811 10:46:19.050256   30960 watch.go:40] Failed to load config from \"/Users/dynamo/Desktop/Dev/react/nek-studios/dataconnect\": could not find dataconnect.yaml in `/Users/dynamo/Desktop/Dev/react/nek-studios/dataconnect`\n"}}
[debug] [2026-08-11T10:46:29.048Z] E0811 10:46:29.046197   30960 watch.go:40] Failed to load config from "/Users/dynamo/Desktop/Dev/react/nek-studios/dataconnect": could not find dataconnect.yaml in `/Users/dynamo/Desktop/Dev/react/nek-studios/dataconnect`
 {"metadata":{"emulator":{"name":"dataconnect"},"message":"E0811 10:46:29.046197   30960 watch.go:40] Failed to load config from \"/Users/dynamo/Desktop/Dev/react/nek-studios/dataconnect\": could not find dataconnect.yaml in `/Users/dynamo/Desktop/Dev/react/nek-studios/dataconnect`\n"}}
[debug] [2026-08-11T10:46:39.046Z] E0811 10:46:39.046253   30960 watch.go:116] watchAllDir unable to walk dir `/Users/dynamo/Desktop/Dev/react/nek-studios/dataconnect`: lstat /Users/dynamo/Desktop/Dev/react/nek-studios/dataconnect: no such file or directory
 {"metadata":{"emulator":{"name":"dataconnect"},"message":"E0811 10:46:39.046253   30960 watch.go:116] watchAllDir unable to walk dir `/Users/dynamo/Desktop/Dev/react/nek-studios/dataconnect`: lstat /Users/dynamo/Desktop/Dev/react/nek-studios/dataconnect: no such file or directory\n"}}
[debug] [2026-08-11T10:46:39.047Z] E0811 10:46:39.046446   30960 watch.go:40] Failed to load config from "/Users/dynamo/Desktop/Dev/react/nek-studios/dataconnect": could not find dataconnect.yaml in `/Users/dynamo/Desktop/Dev/react/nek-studios/dataconnect`
 {"metadata":{"emulator":{"name":"dataconnect"},"message":"E0811 10:46:39.046446   30960 watch.go:40] Failed to load config from \"/Users/dynamo/Desktop/Dev/react/nek-studios/dataconnect\": could not find dataconnect.yaml in `/Users/dynamo/Desktop/Dev/react/nek-studios/dataconnect`\n"}}
[debug] [2026-08-11T10:46:49.046Z] E0811 10:46:49.046546   30960 watch.go:40] Failed to load config from "/Users/dynamo/Desktop/Dev/react/nek-studios/dataconnect": could not find dataconnect.yaml in `/Users/dynamo/Desktop/Dev/react/nek-studios/dataconnect`
 {"metadata":{"emulator":{"name":"dataconnect"},"message":"E0811 10:46:49.046546   30960 watch.go:40] Failed to load config from \"/Users/dynamo/Desktop/Dev/react/nek-studios/dataconnect\": could not find dataconnect.yaml in `/Users/dynamo/Desktop/Dev/react/nek-studios/dataconnect`\n"}}
[debug] [2026-08-11T10:46:59.050Z] E0811 10:46:59.046938   30960 watch.go:40] Failed to load config from "/Users/dynamo/Desktop/Dev/react/nek-studios/dataconnect": could not find dataconnect.yaml in `/Users/dynamo/Desktop/Dev/react/nek-studios/dataconnect`
 {"metadata":{"emulator":{"name":"dataconnect"},"message":"E0811 10:46:59.046938   30960 watch.go:40] Failed to load config from \"/Users/dynamo/Desktop/Dev/react/nek-studios/dataconnect\": could not find dataconnect.yaml in `/Users/dynamo/Desktop/Dev/react/nek-studios/dataconnect`\n"}}
[debug] [2026-08-11T10:47:09.046Z] E0811 10:47:09.046365   30960 watch.go:40] Failed to load config from "/Users/dynamo/Desktop/Dev/react/nek-studios/dataconnect": could not find dataconnect.yaml in `/Users/dynamo/Desktop/Dev/react/nek-studios/dataconnect`
 {"metadata":{"emulator":{"name":"dataconnect"},"message":"E0811 10:47:09.046365   30960 watch.go:40] Failed to load config from \"/Users/dynamo/Desktop/Dev/react/nek-studios/dataconnect\": could not find dataconnect.yaml in `/Users/dynamo/Desktop/Dev/react/nek-studios/dataconnect`\n"}}
[debug] [2026-08-11T10:47:19.047Z] E0811 10:47:19.046972   30960 watch.go:40] Failed to load config from "/Users/dynamo/Desktop/Dev/react/nek-studios/dataconnect": could not find dataconnect.yaml in `/Users/dynamo/Desktop/Dev/react/nek-studios/dataconnect`
 {"metadata":{"emulator":{"name":"dataconnect"},"message":"E0811 10:47:19.046972   30960 watch.go:40] Failed to load config from \"/Users/dynamo/Desktop/Dev/react/nek-studios/dataconnect\": could not find dataconnect.yaml in `/Users/dynamo/Desktop/Dev/react/nek-studios/dataconnect`\n"}}
[debug] [2026-08-11T10:47:29.046Z] E0811 10:47:29.045879   30960 watch.go:40] Failed to load config from "/Users/dynamo/Desktop/Dev/react/nek-studios/dataconnect": could not find dataconnect.yaml in `/Users/dynamo/Desktop/Dev/react/nek-studios/dataconnect`
 {"metadata":{"emulator":{"name":"dataconnect"},"message":"E0811 10:47:29.045879   30960 watch.go:40] Failed to load config from \"/Users/dynamo/Desktop/Dev/react/nek-studios/dataconnect\": could not find dataconnect.yaml in `/Users/dynamo/Desktop/Dev/react/nek-studios/dataconnect`\n"}}
[debug] [2026-08-11T10:47:39.046Z] E0811 10:47:39.045808   30960 watch.go:116] watchAllDir unable to walk dir `/Users/dynamo/Desktop/Dev/react/nek-studios/dataconnect`: lstat /Users/dynamo/Desktop/Dev/react/nek-studios/dataconnect: no such file or directory
E0811 10:47:39.045867   30960 watch.go:40] Failed to load config from "/Users/dynamo/Desktop/Dev/react/nek-studios/dataconnect": could not find dataconnect.yaml in `/Users/dynamo/Desktop/Dev/react/nek-studios/dataconnect`
 {"metadata":{"emulator":{"name":"dataconnect"},"message":"E0811 10:47:39.045808   30960 watch.go:116] watchAllDir unable to walk dir `/Users/dynamo/Desktop/Dev/react/nek-studios/dataconnect`: lstat /Users/dynamo/Desktop/Dev/react/nek-studios/dataconnect: no such file or directory\nE0811 10:47:39.045867   30960 watch.go:40] Failed to load config from \"/Users/dynamo/Desktop/Dev/react/nek-studios/dataconnect\": could not find dataconnect.yaml in `/Users/dynamo/Desktop/Dev/react/nek-studios/dataconnect`\n"}}
[debug] [2026-08-11T10:47:49.045Z] E0811 10:47:49.045818   30960 watch.go:40] Failed to load config from "/Users/dynamo/Desktop/Dev/react/nek-studios/dataconnect": could not find dataconnect.yaml in `/Users/dynamo/Desktop/Dev/react/nek-studios/dataconnect`
 {"metadata":{"emulator":{"name":"dataconnect"},"message":"E0811 10:47:49.045818   30960 watch.go:40] Failed to load config from \"/Users/dynamo/Desktop/Dev/react/nek-studios/dataconnect\": could not find dataconnect.yaml in `/Users/dynamo/Desktop/Dev/react/nek-studios/dataconnect`\n"}}
[debug] [2026-08-11T10:47:59.045Z] E0811 10:47:59.045665   30960 watch.go:40] Failed to load config from "/Users/dynamo/Desktop/Dev/react/nek-studios/dataconnect": could not find dataconnect.yaml in `/Users/dynamo/Desktop/Dev/react/nek-studios/dataconnect`
 {"metadata":{"emulator":{"name":"dataconnect"},"message":"E0811 10:47:59.045665   30960 watch.go:40] Failed to load config from \"/Users/dynamo/Desktop/Dev/react/nek-studios/dataconnect\": could not find dataconnect.yaml in `/Users/dynamo/Desktop/Dev/react/nek-studios/dataconnect`\n"}}
[debug] [2026-08-11T10:48:09.045Z] E0811 10:48:09.045527   30960 watch.go:40] Failed to load config from "/Users/dynamo/Desktop/Dev/react/nek-studios/dataconnect": could not find dataconnect.yaml in `/Users/dynamo/Desktop/Dev/react/nek-studios/dataconnect`
 {"metadata":{"emulator":{"name":"dataconnect"},"message":"E0811 10:48:09.045527   30960 watch.go:40] Failed to load config from \"/Users/dynamo/Desktop/Dev/react/nek-studios/dataconnect\": could not find dataconnect.yaml in `/Users/dynamo/Desktop/Dev/react/nek-studios/dataconnect`\n"}}
[debug] [2026-08-11T10:48:19.045Z] E0811 10:48:19.045470   30960 watch.go:40] Failed to load config from "/Users/dynamo/Desktop/Dev/react/nek-studios/dataconnect": could not find dataconnect.yaml in `/Users/dynamo/Desktop/Dev/react/nek-studios/dataconnect`
 {"metadata":{"emulator":{"name":"dataconnect"},"message":"E0811 10:48:19.045470   30960 watch.go:40] Failed to load config from \"/Users/dynamo/Desktop/Dev/react/nek-studios/dataconnect\": could not find dataconnect.yaml in `/Users/dynamo/Desktop/Dev/react/nek-studios/dataconnect`\n"}}
[debug] [2026-08-11T10:48:29.046Z] E0811 10:48:29.046083   30960 watch.go:40] Failed to load config from "/Users/dynamo/Desktop/Dev/react/nek-studios/dataconnect": could not find dataconnect.yaml in `/Users/dynamo/Desktop/Dev/react/nek-studios/dataconnect`
 {"metadata":{"emulator":{"name":"dataconnect"},"message":"E0811 10:48:29.046083   30960 watch.go:40] Failed to load config from \"/Users/dynamo/Desktop/Dev/react/nek-studios/dataconnect\": could not find dataconnect.yaml in `/Users/dynamo/Desktop/Dev/react/nek-studios/dataconnect`\n"}}
[debug] [2026-08-11T10:48:39.045Z] E0811 10:48:39.045261   30960 watch.go:40] Failed to load config from "/Users/dynamo/Desktop/Dev/react/nek-studios/dataconnect": could not find dataconnect.yaml in `/Users/dynamo/Desktop/Dev/react/nek-studios/dataconnect`
E0811 10:48:39.045230   30960 watch.go:116] watchAllDir unable to walk dir `/Users/dynamo/Desktop/Dev/react/nek-studios/dataconnect`: lstat /Users/dynamo/Desktop/Dev/react/nek-studios/dataconnect: no such file or directory
 {"metadata":{"emulator":{"name":"dataconnect"},"message":"E0811 10:48:39.045261   30960 watch.go:40] Failed to load config from \"/Users/dynamo/Desktop/Dev/react/nek-studios/dataconnect\": could not find dataconnect.yaml in `/Users/dynamo/Desktop/Dev/react/nek-studios/dataconnect`\nE0811 10:48:39.045230   30960 watch.go:116] watchAllDir unable to walk dir `/Users/dynamo/Desktop/Dev/react/nek-studios/dataconnect`: lstat /Users/dynamo/Desktop/Dev/react/nek-studios/dataconnect: no such file or directory\n"}}
[debug] [2026-08-11T10:48:49.045Z] E0811 10:48:49.045175   30960 watch.go:40] Failed to load config from "/Users/dynamo/Desktop/Dev/react/nek-studios/dataconnect": could not find dataconnect.yaml in `/Users/dynamo/Desktop/Dev/react/nek-studios/dataconnect`
 {"metadata":{"emulator":{"name":"dataconnect"},"message":"E0811 10:48:49.045175   30960 watch.go:40] Failed to load config from \"/Users/dynamo/Desktop/Dev/react/nek-studios/dataconnect\": could not find dataconnect.yaml in `/Users/dynamo/Desktop/Dev/react/nek-studios/dataconnect`\n"}}
[debug] [2026-08-11T10:48:59.045Z] E0811 10:48:59.045096   30960 watch.go:40] Failed to load config from "/Users/dynamo/Desktop/Dev/react/nek-studios/dataconnect": could not find dataconnect.yaml in `/Users/dynamo/Desktop/Dev/react/nek-studios/dataconnect`
 {"metadata":{"emulator":{"name":"dataconnect"},"message":"E0811 10:48:59.045096   30960 watch.go:40] Failed to load config from \"/Users/dynamo/Desktop/Dev/react/nek-studios/dataconnect\": could not find dataconnect.yaml in `/Users/dynamo/Desktop/Dev/react/nek-studios/dataconnect`\n"}}
[debug] [2026-08-11T10:49:09.045Z] E0811 10:49:09.044967   30960 watch.go:40] Failed to load config from "/Users/dynamo/Desktop/Dev/react/nek-studios/dataconnect": could not find dataconnect.yaml in `/Users/dynamo/Desktop/Dev/react/nek-studios/dataconnect`
 {"metadata":{"emulator":{"name":"dataconnect"},"message":"E0811 10:49:09.044967   30960 watch.go:40] Failed to load config from \"/Users/dynamo/Desktop/Dev/react/nek-studios/dataconnect\": could not find dataconnect.yaml in `/Users/dynamo/Desktop/Dev/react/nek-studios/dataconnect`\n"}}
[debug] [2026-08-11T10:49:19.045Z] E0811 10:49:19.044930   30960 watch.go:40] Failed to load config from "/Users/dynamo/Desktop/Dev/react/nek-studios/dataconnect": could not find dataconnect.yaml in `/Users/dynamo/Desktop/Dev/react/nek-studios/dataconnect`
 {"metadata":{"emulator":{"name":"dataconnect"},"message":"E0811 10:49:19.044930   30960 watch.go:40] Failed to load config from \"/Users/dynamo/Desktop/Dev/react/nek-studios/dataconnect\": could not find dataconnect.yaml in `/Users/dynamo/Desktop/Dev/react/nek-studios/dataconnect`\n"}}
[debug] [2026-08-11T10:49:29.044Z] E0811 10:49:29.044801   30960 watch.go:40] Failed to load config from "/Users/dynamo/Desktop/Dev/react/nek-studios/dataconnect": could not find dataconnect.yaml in `/Users/dynamo/Desktop/Dev/react/nek-studios/dataconnect`
 {"metadata":{"emulator":{"name":"dataconnect"},"message":"E0811 10:49:29.044801   30960 watch.go:40] Failed to load config from \"/Users/dynamo/Desktop/Dev/react/nek-studios/dataconnect\": could not find dataconnect.yaml in `/Users/dynamo/Desktop/Dev/react/nek-studios/dataconnect`\n"}}
[debug] [2026-08-11T10:49:39.044Z] E0811 10:49:39.044663   30960 watch.go:40] Failed to load config from "/Users/dynamo/Desktop/Dev/react/nek-studios/dataconnect": could not find dataconnect.yaml in `/Users/dynamo/Desktop/Dev/react/nek-studios/dataconnect`
E0811 10:49:39.044641   30960 watch.go:116] watchAllDir unable to walk dir `/Users/dynamo/Desktop/Dev/react/nek-studios/dataconnect`: lstat /Users/dynamo/Desktop/Dev/react/nek-studios/dataconnect: no such file or directory
 {"metadata":{"emulator":{"name":"dataconnect"},"message":"E0811 10:49:39.044663   30960 watch.go:40] Failed to load config from \"/Users/dynamo/Desktop/Dev/react/nek-studios/dataconnect\": could not find dataconnect.yaml in `/Users/dynamo/Desktop/Dev/react/nek-studios/dataconnect`\nE0811 10:49:39.044641   30960 watch.go:116] watchAllDir unable to walk dir `/Users/dynamo/Desktop/Dev/react/nek-studios/dataconnect`: lstat /Users/dynamo/Desktop/Dev/react/nek-studios/dataconnect: no such file or directory\n"}}
[debug] [2026-08-11T10:49:49.044Z] E0811 10:49:49.044643   30960 watch.go:40] Failed to load config from "/Users/dynamo/Desktop/Dev/react/nek-studios/dataconnect": could not find dataconnect.yaml in `/Users/dynamo/Desktop/Dev/react/nek-studios/dataconnect`
 {"metadata":{"emulator":{"name":"dataconnect"},"message":"E0811 10:49:49.044643   30960 watch.go:40] Failed to load config from \"/Users/dynamo/Desktop/Dev/react/nek-studios/dataconnect\": could not find dataconnect.yaml in `/Users/dynamo/Desktop/Dev/react/nek-studios/dataconnect`\n"}}
[debug] [2026-08-11T10:49:59.054Z] E0811 10:49:59.044887   30960 watch.go:40] Failed to load config from "/Users/dynamo/Desktop/Dev/react/nek-studios/dataconnect": could not find dataconnect.yaml in `/Users/dynamo/Desktop/Dev/react/nek-studios/dataconnect`
 {"metadata":{"emulator":{"name":"dataconnect"},"message":"E0811 10:49:59.044887   30960 watch.go:40] Failed to load config from \"/Users/dynamo/Desktop/Dev/react/nek-studios/dataconnect\": could not find dataconnect.yaml in `/Users/dynamo/Desktop/Dev/react/nek-studios/dataconnect`\n"}}
[debug] [2026-08-11T10:50:09.044Z] E0811 10:50:09.044462   30960 watch.go:40] Failed to load config from "/Users/dynamo/Desktop/Dev/react/nek-studios/dataconnect": could not find dataconnect.yaml in `/Users/dynamo/Desktop/Dev/react/nek-studios/dataconnect`
 {"metadata":{"emulator":{"name":"dataconnect"},"message":"E0811 10:50:09.044462   30960 watch.go:40] Failed to load config from \"/Users/dynamo/Desktop/Dev/react/nek-studios/dataconnect\": could not find dataconnect.yaml in `/Users/dynamo/Desktop/Dev/react/nek-studios/dataconnect`\n"}}
[debug] [2026-08-11T10:50:19.044Z] E0811 10:50:19.044345   30960 watch.go:40] Failed to load config from "/Users/dynamo/Desktop/Dev/react/nek-studios/dataconnect": could not find dataconnect.yaml in `/Users/dynamo/Desktop/Dev/react/nek-studios/dataconnect`
 {"metadata":{"emulator":{"name":"dataconnect"},"message":"E0811 10:50:19.044345   30960 watch.go:40] Failed to load config from \"/Users/dynamo/Desktop/Dev/react/nek-studios/dataconnect\": could not find dataconnect.yaml in `/Users/dynamo/Desktop/Dev/react/nek-studios/dataconnect`\n"}}
[debug] [2026-08-11T10:50:29.044Z] E0811 10:50:29.044241   30960 watch.go:40] Failed to load config from "/Users/dynamo/Desktop/Dev/react/nek-studios/dataconnect": could not find dataconnect.yaml in `/Users/dynamo/Desktop/Dev/react/nek-studios/dataconnect`
 {"metadata":{"emulator":{"name":"dataconnect"},"message":"E0811 10:50:29.044241   30960 watch.go:40] Failed to load config from \"/Users/dynamo/Desktop/Dev/react/nek-studios/dataconnect\": could not find dataconnect.yaml in `/Users/dynamo/Desktop/Dev/react/nek-studios/dataconnect`\n"}}
[debug] [2026-08-11T10:50:39.044Z] E0811 10:50:39.044104   30960 watch.go:40] Failed to load config from "/Users/dynamo/Desktop/Dev/react/nek-studios/dataconnect": could not find dataconnect.yaml in `/Users/dynamo/Desktop/Dev/react/nek-studios/dataconnect`
E0811 10:50:39.044079   30960 watch.go:116] watchAllDir unable to walk dir `/Users/dynamo/Desktop/Dev/react/nek-studios/dataconnect`: lstat /Users/dynamo/Desktop/Dev/react/nek-studios/dataconnect: no such file or directory
 {"metadata":{"emulator":{"name":"dataconnect"},"message":"E0811 10:50:39.044104   30960 watch.go:40] Failed to load config from \"/Users/dynamo/Desktop/Dev/react/nek-studios/dataconnect\": could not find dataconnect.yaml in `/Users/dynamo/Desktop/Dev/react/nek-studios/dataconnect`\nE0811 10:50:39.044079   30960 watch.go:116] watchAllDir unable to walk dir `/Users/dynamo/Desktop/Dev/react/nek-studios/dataconnect`: lstat /Users/dynamo/Desktop/Dev/react/nek-studios/dataconnect: no such file or directory\n"}}
[debug] [2026-08-11T10:50:49.044Z] E0811 10:50:49.044058   30960 watch.go:40] Failed to load config from "/Users/dynamo/Desktop/Dev/react/nek-studios/dataconnect": could not find dataconnect.yaml in `/Users/dynamo/Desktop/Dev/react/nek-studios/dataconnect`
 {"metadata":{"emulator":{"name":"dataconnect"},"message":"E0811 10:50:49.044058   30960 watch.go:40] Failed to load config from \"/Users/dynamo/Desktop/Dev/react/nek-studios/dataconnect\": could not find dataconnect.yaml in `/Users/dynamo/Desktop/Dev/react/nek-studios/dataconnect`\n"}}
[debug] [2026-08-11T10:50:59.044Z] E0811 10:50:59.043999   30960 watch.go:40] Failed to load config from "/Users/dynamo/Desktop/Dev/react/nek-studios/dataconnect": could not find dataconnect.yaml in `/Users/dynamo/Desktop/Dev/react/nek-studios/dataconnect`
 {"metadata":{"emulator":{"name":"dataconnect"},"message":"E0811 10:50:59.043999   30960 watch.go:40] Failed to load config from \"/Users/dynamo/Desktop/Dev/react/nek-studios/dataconnect\": could not find dataconnect.yaml in `/Users/dynamo/Desktop/Dev/react/nek-studios/dataconnect`\n"}}
[debug] [2026-08-11T10:51:09.044Z] E0811 10:51:09.043892   30960 watch.go:40] Failed to load config from "/Users/dynamo/Desktop/Dev/react/nek-studios/dataconnect": could not find dataconnect.yaml in `/Users/dynamo/Desktop/Dev/react/nek-studios/dataconnect`
 {"metadata":{"emulator":{"name":"dataconnect"},"message":"E0811 10:51:09.043892   30960 watch.go:40] Failed to load config from \"/Users/dynamo/Desktop/Dev/react/nek-studios/dataconnect\": could not find dataconnect.yaml in `/Users/dynamo/Desktop/Dev/react/nek-studios/dataconnect`\n"}}
[debug] [2026-08-11T10:51:19.043Z] E0811 10:51:19.043811   30960 watch.go:40] Failed to load config from "/Users/dynamo/Desktop/Dev/react/nek-studios/dataconnect": could not find dataconnect.yaml in `/Users/dynamo/Desktop/Dev/react/nek-studios/dataconnect`
 {"metadata":{"emulator":{"name":"dataconnect"},"message":"E0811 10:51:19.043811   30960 watch.go:40] Failed to load config from \"/Users/dynamo/Desktop/Dev/react/nek-studios/dataconnect\": could not find dataconnect.yaml in `/Users/dynamo/Desktop/Dev/react/nek-studios/dataconnect`\n"}}
[debug] [2026-08-11T10:51:29.043Z] E0811 10:51:29.043723   30960 watch.go:40] Failed to load config from "/Users/dynamo/Desktop/Dev/react/nek-studios/dataconnect": could not find dataconnect.yaml in `/Users/dynamo/Desktop/Dev/react/nek-studios/dataconnect`
 {"metadata":{"emulator":{"name":"dataconnect"},"message":"E0811 10:51:29.043723   30960 watch.go:40] Failed to load config from \"/Users/dynamo/Desktop/Dev/react/nek-studios/dataconnect\": could not find dataconnect.yaml in `/Users/dynamo/Desktop/Dev/react/nek-studios/dataconnect`\n"}}
[debug] [2026-08-11T10:51:39.043Z] E0811 10:51:39.043634   30960 watch.go:116] watchAllDir unable to walk dir `/Users/dynamo/Desktop/Dev/react/nek-studios/dataconnect`: lstat /Users/dynamo/Desktop/Dev/react/nek-studios/dataconnect: no such file or directory
 {"metadata":{"emulator":{"name":"dataconnect"},"message":"E0811 10:51:39.043634   30960 watch.go:116] watchAllDir unable to walk dir `/Users/dynamo/Desktop/Dev/react/nek-studios/dataconnect`: lstat /Users/dynamo/Desktop/Dev/react/nek-studios/dataconnect: no such file or directory\n"}}
[debug] [2026-08-11T10:51:39.045Z] E0811 10:51:39.043786   30960 watch.go:40] Failed to load config from "/Users/dynamo/Desktop/Dev/react/nek-studios/dataconnect": could not find dataconnect.yaml in `/Users/dynamo/Desktop/Dev/react/nek-studios/dataconnect`
 {"metadata":{"emulator":{"name":"dataconnect"},"message":"E0811 10:51:39.043786   30960 watch.go:40] Failed to load config from \"/Users/dynamo/Desktop/Dev/react/nek-studios/dataconnect\": could not find dataconnect.yaml in `/Users/dynamo/Desktop/Dev/react/nek-studios/dataconnect`\n"}}
[debug] [2026-08-11T10:51:49.043Z] E0811 10:51:49.043549   30960 watch.go:40] Failed to load config from "/Users/dynamo/Desktop/Dev/react/nek-studios/dataconnect": could not find dataconnect.yaml in `/Users/dynamo/Desktop/Dev/react/nek-studios/dataconnect`
 {"metadata":{"emulator":{"name":"dataconnect"},"message":"E0811 10:51:49.043549   30960 watch.go:40] Failed to load config from \"/Users/dynamo/Desktop/Dev/react/nek-studios/dataconnect\": could not find dataconnect.yaml in `/Users/dynamo/Desktop/Dev/react/nek-studios/dataconnect`\n"}}
[debug] [2026-08-11T10:51:59.043Z] E0811 10:51:59.043446   30960 watch.go:40] Failed to load config from "/Users/dynamo/Desktop/Dev/react/nek-studios/dataconnect": could not find dataconnect.yaml in `/Users/dynamo/Desktop/Dev/react/nek-studios/dataconnect`
 {"metadata":{"emulator":{"name":"dataconnect"},"message":"E0811 10:51:59.043446   30960 watch.go:40] Failed to load config from \"/Users/dynamo/Desktop/Dev/react/nek-studios/dataconnect\": could not find dataconnect.yaml in `/Users/dynamo/Desktop/Dev/react/nek-studios/dataconnect`\n"}}
[debug] [2026-08-11T10:52:09.043Z] E0811 10:52:09.043345   30960 watch.go:40] Failed to load config from "/Users/dynamo/Desktop/Dev/react/nek-studios/dataconnect": could not find dataconnect.yaml in `/Users/dynamo/Desktop/Dev/react/nek-studios/dataconnect`
 {"metadata":{"emulator":{"name":"dataconnect"},"message":"E0811 10:52:09.043345   30960 watch.go:40] Failed to load config from \"/Users/dynamo/Desktop/Dev/react/nek-studios/dataconnect\": could not find dataconnect.yaml in `/Users/dynamo/Desktop/Dev/react/nek-studios/dataconnect`\n"}}
[debug] [2026-08-11T10:52:19.043Z] E0811 10:52:19.043240   30960 watch.go:40] Failed to load config from "/Users/dynamo/Desktop/Dev/react/nek-studios/dataconnect": could not find dataconnect.yaml in `/Users/dynamo/Desktop/Dev/react/nek-studios/dataconnect`
 {"metadata":{"emulator":{"name":"dataconnect"},"message":"E0811 10:52:19.043240   30960 watch.go:40] Failed to load config from \"/Users/dynamo/Desktop/Dev/react/nek-studios/dataconnect\": could not find dataconnect.yaml in `/Users/dynamo/Desktop/Dev/react/nek-studios/dataconnect`\n"}}
[debug] [2026-08-11T10:52:29.043Z] E0811 10:52:29.043159   30960 watch.go:40] Failed to load config from "/Users/dynamo/Desktop/Dev/react/nek-studios/dataconnect": could not find dataconnect.yaml in `/Users/dynamo/Desktop/Dev/react/nek-studios/dataconnect`
 {"metadata":{"emulator":{"name":"dataconnect"},"message":"E0811 10:52:29.043159   30960 watch.go:40] Failed to load config from \"/Users/dynamo/Desktop/Dev/react/nek-studios/dataconnect\": could not find dataconnect.yaml in `/Users/dynamo/Desktop/Dev/react/nek-studios/dataconnect`\n"}}
[debug] [2026-08-11T10:52:39.044Z] E0811 10:52:39.043241   30960 watch.go:116] watchAllDir unable to walk dir `/Users/dynamo/Desktop/Dev/react/nek-studios/dataconnect`: lstat /Users/dynamo/Desktop/Dev/react/nek-studios/dataconnect: no such file or directory
 {"metadata":{"emulator":{"name":"dataconnect"},"message":"E0811 10:52:39.043241   30960 watch.go:116] watchAllDir unable to walk dir `/Users/dynamo/Desktop/Dev/react/nek-studios/dataconnect`: lstat /Users/dynamo/Desktop/Dev/react/nek-studios/dataconnect: no such file or directory\n"}}
[debug] [2026-08-11T10:52:39.045Z] E0811 10:52:39.044697   30960 watch.go:40] Failed to load config from "/Users/dynamo/Desktop/Dev/react/nek-studios/dataconnect": could not find dataconnect.yaml in `/Users/dynamo/Desktop/Dev/react/nek-studios/dataconnect`
 {"metadata":{"emulator":{"name":"dataconnect"},"message":"E0811 10:52:39.044697   30960 watch.go:40] Failed to load config from \"/Users/dynamo/Desktop/Dev/react/nek-studios/dataconnect\": could not find dataconnect.yaml in `/Users/dynamo/Desktop/Dev/react/nek-studios/dataconnect`\n"}}
[debug] [2026-08-11T10:52:49.043Z] E0811 10:52:49.042941   30960 watch.go:40] Failed to load config from "/Users/dynamo/Desktop/Dev/react/nek-studios/dataconnect": could not find dataconnect.yaml in `/Users/dynamo/Desktop/Dev/react/nek-studios/dataconnect`
 {"metadata":{"emulator":{"name":"dataconnect"},"message":"E0811 10:52:49.042941   30960 watch.go:40] Failed to load config from \"/Users/dynamo/Desktop/Dev/react/nek-studios/dataconnect\": could not find dataconnect.yaml in `/Users/dynamo/Desktop/Dev/react/nek-studios/dataconnect`\n"}}
[debug] [2026-08-11T10:52:59.043Z] E0811 10:52:59.042892   30960 watch.go:40] Failed to load config from "/Users/dynamo/Desktop/Dev/react/nek-studios/dataconnect": could not find dataconnect.yaml in `/Users/dynamo/Desktop/Dev/react/nek-studios/dataconnect`
 {"metadata":{"emulator":{"name":"dataconnect"},"message":"E0811 10:52:59.042892   30960 watch.go:40] Failed to load config from \"/Users/dynamo/Desktop/Dev/react/nek-studios/dataconnect\": could not find dataconnect.yaml in `/Users/dynamo/Desktop/Dev/react/nek-studios/dataconnect`\n"}}
[debug] [2026-08-11T10:53:09.042Z] E0811 10:53:09.042775   30960 watch.go:40] Failed to load config from "/Users/dynamo/Desktop/Dev/react/nek-studios/dataconnect": could not find dataconnect.yaml in `/Users/dynamo/Desktop/Dev/react/nek-studios/dataconnect`
 {"metadata":{"emulator":{"name":"dataconnect"},"message":"E0811 10:53:09.042775   30960 watch.go:40] Failed to load config from \"/Users/dynamo/Desktop/Dev/react/nek-studios/dataconnect\": could not find dataconnect.yaml in `/Users/dynamo/Desktop/Dev/react/nek-studios/dataconnect`\n"}}
[debug] [2026-08-11T10:53:19.042Z] E0811 10:53:19.042409   30960 watch.go:40] Failed to load config from "/Users/dynamo/Desktop/Dev/react/nek-studios/dataconnect": could not find dataconnect.yaml in `/Users/dynamo/Desktop/Dev/react/nek-studios/dataconnect`
 {"metadata":{"emulator":{"name":"dataconnect"},"message":"E0811 10:53:19.042409   30960 watch.go:40] Failed to load config from \"/Users/dynamo/Desktop/Dev/react/nek-studios/dataconnect\": could not find dataconnect.yaml in `/Users/dynamo/Desktop/Dev/react/nek-studios/dataconnect`\n"}}
[debug] [2026-08-11T10:53:29.044Z] E0811 10:53:29.042649   30960 watch.go:40] Failed to load config from "/Users/dynamo/Desktop/Dev/react/nek-studios/dataconnect": could not find dataconnect.yaml in `/Users/dynamo/Desktop/Dev/react/nek-studios/dataconnect`
 {"metadata":{"emulator":{"name":"dataconnect"},"message":"E0811 10:53:29.042649   30960 watch.go:40] Failed to load config from \"/Users/dynamo/Desktop/Dev/react/nek-studios/dataconnect\": could not find dataconnect.yaml in `/Users/dynamo/Desktop/Dev/react/nek-studios/dataconnect`\n"}}
[debug] [2026-08-11T10:53:39.050Z] E0811 10:53:39.042787   30960 watch.go:116] watchAllDir unable to walk dir `/Users/dynamo/Desktop/Dev/react/nek-studios/dataconnect`: lstat /Users/dynamo/Desktop/Dev/react/nek-studios/dataconnect: no such file or directory
E0811 10:53:39.042955   30960 watch.go:40] Failed to load config from "/Users/dynamo/Desktop/Dev/react/nek-studios/dataconnect": could not find dataconnect.yaml in `/Users/dynamo/Desktop/Dev/react/nek-studios/dataconnect`
 {"metadata":{"emulator":{"name":"dataconnect"},"message":"E0811 10:53:39.042787   30960 watch.go:116] watchAllDir unable to walk dir `/Users/dynamo/Desktop/Dev/react/nek-studios/dataconnect`: lstat /Users/dynamo/Desktop/Dev/react/nek-studios/dataconnect: no such file or directory\nE0811 10:53:39.042955   30960 watch.go:40] Failed to load config from \"/Users/dynamo/Desktop/Dev/react/nek-studios/dataconnect\": could not find dataconnect.yaml in `/Users/dynamo/Desktop/Dev/react/nek-studios/dataconnect`\n"}}
[debug] [2026-08-11T10:53:49.050Z] E0811 10:53:49.042468   30960 watch.go:40] Failed to load config from "/Users/dynamo/Desktop/Dev/react/nek-studios/dataconnect": could not find dataconnect.yaml in `/Users/dynamo/Desktop/Dev/react/nek-studios/dataconnect`
 {"metadata":{"emulator":{"name":"dataconnect"},"message":"E0811 10:53:49.042468   30960 watch.go:40] Failed to load config from \"/Users/dynamo/Desktop/Dev/react/nek-studios/dataconnect\": could not find dataconnect.yaml in `/Users/dynamo/Desktop/Dev/react/nek-studios/dataconnect`\n"}}
[debug] [2026-08-11T10:53:59.042Z] E0811 10:53:59.042549   30960 watch.go:40] Failed to load config from "/Users/dynamo/Desktop/Dev/react/nek-studios/dataconnect": could not find dataconnect.yaml in `/Users/dynamo/Desktop/Dev/react/nek-studios/dataconnect`
 {"metadata":{"emulator":{"name":"dataconnect"},"message":"E0811 10:53:59.042549   30960 watch.go:40] Failed to load config from \"/Users/dynamo/Desktop/Dev/react/nek-studios/dataconnect\": could not find dataconnect.yaml in `/Users/dynamo/Desktop/Dev/react/nek-studios/dataconnect`\n"}}
[debug] [2026-08-11T10:54:09.042Z] E0811 10:54:09.042244   30960 watch.go:40] Failed to load config from "/Users/dynamo/Desktop/Dev/react/nek-studios/dataconnect": could not find dataconnect.yaml in `/Users/dynamo/Desktop/Dev/react/nek-studios/dataconnect`
 {"metadata":{"emulator":{"name":"dataconnect"},"message":"E0811 10:54:09.042244   30960 watch.go:40] Failed to load config from \"/Users/dynamo/Desktop/Dev/react/nek-studios/dataconnect\": could not find dataconnect.yaml in `/Users/dynamo/Desktop/Dev/react/nek-studios/dataconnect`\n"}}
[debug] [2026-08-11T10:54:19.045Z] E0811 10:54:19.042633   30960 watch.go:40] Failed to load config from "/Users/dynamo/Desktop/Dev/react/nek-studios/dataconnect": could not find dataconnect.yaml in `/Users/dynamo/Desktop/Dev/react/nek-studios/dataconnect`
 {"metadata":{"emulator":{"name":"dataconnect"},"message":"E0811 10:54:19.042633   30960 watch.go:40] Failed to load config from \"/Users/dynamo/Desktop/Dev/react/nek-studios/dataconnect\": could not find dataconnect.yaml in `/Users/dynamo/Desktop/Dev/react/nek-studios/dataconnect`\n"}}
[debug] [2026-08-11T10:54:29.042Z] E0811 10:54:29.042040   30960 watch.go:40] Failed to load config from "/Users/dynamo/Desktop/Dev/react/nek-studios/dataconnect": could not find dataconnect.yaml in `/Users/dynamo/Desktop/Dev/react/nek-studios/dataconnect`
 {"metadata":{"emulator":{"name":"dataconnect"},"message":"E0811 10:54:29.042040   30960 watch.go:40] Failed to load config from \"/Users/dynamo/Desktop/Dev/react/nek-studios/dataconnect\": could not find dataconnect.yaml in `/Users/dynamo/Desktop/Dev/react/nek-studios/dataconnect`\n"}}
[debug] [2026-08-11T10:54:39.042Z] E0811 10:54:39.041978   30960 watch.go:40] Failed to load config from "/Users/dynamo/Desktop/Dev/react/nek-studios/dataconnect": could not find dataconnect.yaml in `/Users/dynamo/Desktop/Dev/react/nek-studios/dataconnect`
 {"metadata":{"emulator":{"name":"dataconnect"},"message":"E0811 10:54:39.041978   30960 watch.go:40] Failed to load config from \"/Users/dynamo/Desktop/Dev/react/nek-studios/dataconnect\": could not find dataconnect.yaml in `/Users/dynamo/Desktop/Dev/react/nek-studios/dataconnect`\n"}}
[debug] [2026-08-11T10:54:39.042Z] E0811 10:54:39.041947   30960 watch.go:116] watchAllDir unable to walk dir `/Users/dynamo/Desktop/Dev/react/nek-studios/dataconnect`: lstat /Users/dynamo/Desktop/Dev/react/nek-studios/dataconnect: no such file or directory
 {"metadata":{"emulator":{"name":"dataconnect"},"message":"E0811 10:54:39.041947   30960 watch.go:116] watchAllDir unable to walk dir `/Users/dynamo/Desktop/Dev/react/nek-studios/dataconnect`: lstat /Users/dynamo/Desktop/Dev/react/nek-studios/dataconnect: no such file or directory\n"}}
[debug] [2026-08-11T10:54:49.042Z] E0811 10:54:49.042324   30960 watch.go:40] Failed to load config from "/Users/dynamo/Desktop/Dev/react/nek-studios/dataconnect": could not find dataconnect.yaml in `/Users/dynamo/Desktop/Dev/react/nek-studios/dataconnect`
 {"metadata":{"emulator":{"name":"dataconnect"},"message":"E0811 10:54:49.042324   30960 watch.go:40] Failed to load config from \"/Users/dynamo/Desktop/Dev/react/nek-studios/dataconnect\": could not find dataconnect.yaml in `/Users/dynamo/Desktop/Dev/react/nek-studios/dataconnect`\n"}}
[debug] [2026-08-11T10:54:59.042Z] E0811 10:54:59.042145   30960 watch.go:40] Failed to load config from "/Users/dynamo/Desktop/Dev/react/nek-studios/dataconnect": could not find dataconnect.yaml in `/Users/dynamo/Desktop/Dev/react/nek-studios/dataconnect`
 {"metadata":{"emulator":{"name":"dataconnect"},"message":"E0811 10:54:59.042145   30960 watch.go:40] Failed to load config from \"/Users/dynamo/Desktop/Dev/react/nek-studios/dataconnect\": could not find dataconnect.yaml in `/Users/dynamo/Desktop/Dev/react/nek-studios/dataconnect`\n"}}
[debug] [2026-08-11T10:55:09.042Z] E0811 10:55:09.041988   30960 watch.go:40] Failed to load config from "/Users/dynamo/Desktop/Dev/react/nek-studios/dataconnect": could not find dataconnect.yaml in `/Users/dynamo/Desktop/Dev/react/nek-studios/dataconnect`
 {"metadata":{"emulator":{"name":"dataconnect"},"message":"E0811 10:55:09.041988   30960 watch.go:40] Failed to load config from \"/Users/dynamo/Desktop/Dev/react/nek-studios/dataconnect\": could not find dataconnect.yaml in `/Users/dynamo/Desktop/Dev/react/nek-studios/dataconnect`\n"}}
[debug] [2026-08-11T10:55:19.041Z] E0811 10:55:19.041536   30960 watch.go:40] Failed to load config from "/Users/dynamo/Desktop/Dev/react/nek-studios/dataconnect": could not find dataconnect.yaml in `/Users/dynamo/Desktop/Dev/react/nek-studios/dataconnect`
 {"metadata":{"emulator":{"name":"dataconnect"},"message":"E0811 10:55:19.041536   30960 watch.go:40] Failed to load config from \"/Users/dynamo/Desktop/Dev/react/nek-studios/dataconnect\": could not find dataconnect.yaml in `/Users/dynamo/Desktop/Dev/react/nek-studios/dataconnect`\n"}}
[debug] [2026-08-11T10:55:29.041Z] E0811 10:55:29.041482   30960 watch.go:40] Failed to load config from "/Users/dynamo/Desktop/Dev/react/nek-studios/dataconnect": could not find dataconnect.yaml in `/Users/dynamo/Desktop/Dev/react/nek-studios/dataconnect`
 {"metadata":{"emulator":{"name":"dataconnect"},"message":"E0811 10:55:29.041482   30960 watch.go:40] Failed to load config from \"/Users/dynamo/Desktop/Dev/react/nek-studios/dataconnect\": could not find dataconnect.yaml in `/Users/dynamo/Desktop/Dev/react/nek-studios/dataconnect`\n"}}
[debug] [2026-08-11T10:55:39.041Z] E0811 10:55:39.041347   30960 watch.go:116] watchAllDir unable to walk dir `/Users/dynamo/Desktop/Dev/react/nek-studios/dataconnect`: lstat /Users/dynamo/Desktop/Dev/react/nek-studios/dataconnect: no such file or directory
E0811 10:55:39.041396   30960 watch.go:40] Failed to load config from "/Users/dynamo/Desktop/Dev/react/nek-studios/dataconnect": could not find dataconnect.yaml in `/Users/dynamo/Desktop/Dev/react/nek-studios/dataconnect`
 {"metadata":{"emulator":{"name":"dataconnect"},"message":"E0811 10:55:39.041347   30960 watch.go:116] watchAllDir unable to walk dir `/Users/dynamo/Desktop/Dev/react/nek-studios/dataconnect`: lstat /Users/dynamo/Desktop/Dev/react/nek-studios/dataconnect: no such file or directory\nE0811 10:55:39.041396   30960 watch.go:40] Failed to load config from \"/Users/dynamo/Desktop/Dev/react/nek-studios/dataconnect\": could not find dataconnect.yaml in `/Users/dynamo/Desktop/Dev/react/nek-studios/dataconnect`\n"}}
[debug] [2026-08-11T10:55:49.041Z] E0811 10:55:49.041312   30960 watch.go:40] Failed to load config from "/Users/dynamo/Desktop/Dev/react/nek-studios/dataconnect": could not find dataconnect.yaml in `/Users/dynamo/Desktop/Dev/react/nek-studios/dataconnect`
 {"metadata":{"emulator":{"name":"dataconnect"},"message":"E0811 10:55:49.041312   30960 watch.go:40] Failed to load config from \"/Users/dynamo/Desktop/Dev/react/nek-studios/dataconnect\": could not find dataconnect.yaml in `/Users/dynamo/Desktop/Dev/react/nek-studios/dataconnect`\n"}}
[debug] [2026-08-11T10:55:59.040Z] E0811 10:55:59.040365   30960 watch.go:40] Failed to load config from "/Users/dynamo/Desktop/Dev/react/nek-studios/dataconnect": could not find dataconnect.yaml in `/Users/dynamo/Desktop/Dev/react/nek-studios/dataconnect`
 {"metadata":{"emulator":{"name":"dataconnect"},"message":"E0811 10:55:59.040365   30960 watch.go:40] Failed to load config from \"/Users/dynamo/Desktop/Dev/react/nek-studios/dataconnect\": could not find dataconnect.yaml in `/Users/dynamo/Desktop/Dev/react/nek-studios/dataconnect`\n"}}
[debug] [2026-08-11T10:56:09.058Z] E0811 10:56:09.057838   30960 watch.go:40] Failed to load config from "/Users/dynamo/Desktop/Dev/react/nek-studios/dataconnect": could not find dataconnect.yaml in `/Users/dynamo/Desktop/Dev/react/nek-studios/dataconnect`
 {"metadata":{"emulator":{"name":"dataconnect"},"message":"E0811 10:56:09.057838   30960 watch.go:40] Failed to load config from \"/Users/dynamo/Desktop/Dev/react/nek-studios/dataconnect\": could not find dataconnect.yaml in `/Users/dynamo/Desktop/Dev/react/nek-studios/dataconnect`\n"}}
[debug] [2026-08-11T10:56:19.041Z] E0811 10:56:19.041016   30960 watch.go:40] Failed to load config from "/Users/dynamo/Desktop/Dev/react/nek-studios/dataconnect": could not find dataconnect.yaml in `/Users/dynamo/Desktop/Dev/react/nek-studios/dataconnect`
 {"metadata":{"emulator":{"name":"dataconnect"},"message":"E0811 10:56:19.041016   30960 watch.go:40] Failed to load config from \"/Users/dynamo/Desktop/Dev/react/nek-studios/dataconnect\": could not find dataconnect.yaml in `/Users/dynamo/Desktop/Dev/react/nek-studios/dataconnect`\n"}}
[debug] [2026-08-11T10:56:29.041Z] E0811 10:56:29.040993   30960 watch.go:40] Failed to load config from "/Users/dynamo/Desktop/Dev/react/nek-studios/dataconnect": could not find dataconnect.yaml in `/Users/dynamo/Desktop/Dev/react/nek-studios/dataconnect`
 {"metadata":{"emulator":{"name":"dataconnect"},"message":"E0811 10:56:29.040993   30960 watch.go:40] Failed to load config from \"/Users/dynamo/Desktop/Dev/react/nek-studios/dataconnect\": could not find dataconnect.yaml in `/Users/dynamo/Desktop/Dev/react/nek-studios/dataconnect`\n"}}
[debug] [2026-08-11T10:56:39.041Z] E0811 10:56:39.040889   30960 watch.go:40] Failed to load config from "/Users/dynamo/Desktop/Dev/react/nek-studios/dataconnect": could not find dataconnect.yaml in `/Users/dynamo/Desktop/Dev/react/nek-studios/dataconnect`
 {"metadata":{"emulator":{"name":"dataconnect"},"message":"E0811 10:56:39.040889   30960 watch.go:40] Failed to load config from \"/Users/dynamo/Desktop/Dev/react/nek-studios/dataconnect\": could not find dataconnect.yaml in `/Users/dynamo/Desktop/Dev/react/nek-studios/dataconnect`\n"}}
[debug] [2026-08-11T10:56:39.041Z] E0811 10:56:39.040813   30960 watch.go:116] watchAllDir unable to walk dir `/Users/dynamo/Desktop/Dev/react/nek-studios/dataconnect`: lstat /Users/dynamo/Desktop/Dev/react/nek-studios/dataconnect: no such file or directory
 {"metadata":{"emulator":{"name":"dataconnect"},"message":"E0811 10:56:39.040813   30960 watch.go:116] watchAllDir unable to walk dir `/Users/dynamo/Desktop/Dev/react/nek-studios/dataconnect`: lstat /Users/dynamo/Desktop/Dev/react/nek-studios/dataconnect: no such file or directory\n"}}
[debug] [2026-08-11T10:56:49.040Z] E0811 10:56:49.040741   30960 watch.go:40] Failed to load config from "/Users/dynamo/Desktop/Dev/react/nek-studios/dataconnect": could not find dataconnect.yaml in `/Users/dynamo/Desktop/Dev/react/nek-studios/dataconnect`
 {"metadata":{"emulator":{"name":"dataconnect"},"message":"E0811 10:56:49.040741   30960 watch.go:40] Failed to load config from \"/Users/dynamo/Desktop/Dev/react/nek-studios/dataconnect\": could not find dataconnect.yaml in `/Users/dynamo/Desktop/Dev/react/nek-studios/dataconnect`\n"}}
[debug] [2026-08-11T10:56:59.040Z] E0811 10:56:59.040635   30960 watch.go:40] Failed to load config from "/Users/dynamo/Desktop/Dev/react/nek-studios/dataconnect": could not find dataconnect.yaml in `/Users/dynamo/Desktop/Dev/react/nek-studios/dataconnect`
 {"metadata":{"emulator":{"name":"dataconnect"},"message":"E0811 10:56:59.040635   30960 watch.go:40] Failed to load config from \"/Users/dynamo/Desktop/Dev/react/nek-studios/dataconnect\": could not find dataconnect.yaml in `/Users/dynamo/Desktop/Dev/react/nek-studios/dataconnect`\n"}}
[debug] [2026-08-11T10:57:09.040Z] E0811 10:57:09.040609   30960 watch.go:40] Failed to load config from "/Users/dynamo/Desktop/Dev/react/nek-studios/dataconnect": could not find dataconnect.yaml in `/Users/dynamo/Desktop/Dev/react/nek-studios/dataconnect`
 {"metadata":{"emulator":{"name":"dataconnect"},"message":"E0811 10:57:09.040609   30960 watch.go:40] Failed to load config from \"/Users/dynamo/Desktop/Dev/react/nek-studios/dataconnect\": could not find dataconnect.yaml in `/Users/dynamo/Desktop/Dev/react/nek-studios/dataconnect`\n"}}
[debug] [2026-08-11T10:57:19.040Z] E0811 10:57:19.040474   30960 watch.go:40] Failed to load config from "/Users/dynamo/Desktop/Dev/react/nek-studios/dataconnect": could not find dataconnect.yaml in `/Users/dynamo/Desktop/Dev/react/nek-studios/dataconnect`
 {"metadata":{"emulator":{"name":"dataconnect"},"message":"E0811 10:57:19.040474   30960 watch.go:40] Failed to load config from \"/Users/dynamo/Desktop/Dev/react/nek-studios/dataconnect\": could not find dataconnect.yaml in `/Users/dynamo/Desktop/Dev/react/nek-studios/dataconnect`\n"}}
[debug] [2026-08-11T10:57:29.040Z] E0811 10:57:29.040354   30960 watch.go:40] Failed to load config from "/Users/dynamo/Desktop/Dev/react/nek-studios/dataconnect": could not find dataconnect.yaml in `/Users/dynamo/Desktop/Dev/react/nek-studios/dataconnect`
 {"metadata":{"emulator":{"name":"dataconnect"},"message":"E0811 10:57:29.040354   30960 watch.go:40] Failed to load config from \"/Users/dynamo/Desktop/Dev/react/nek-studios/dataconnect\": could not find dataconnect.yaml in `/Users/dynamo/Desktop/Dev/react/nek-studios/dataconnect`\n"}}
[debug] [2026-08-11T10:57:39.040Z] E0811 10:57:39.040254   30960 watch.go:116] watchAllDir unable to walk dir `/Users/dynamo/Desktop/Dev/react/nek-studios/dataconnect`: lstat /Users/dynamo/Desktop/Dev/react/nek-studios/dataconnect: no such file or directory
 {"metadata":{"emulator":{"name":"dataconnect"},"message":"E0811 10:57:39.040254   30960 watch.go:116] watchAllDir unable to walk dir `/Users/dynamo/Desktop/Dev/react/nek-studios/dataconnect`: lstat /Users/dynamo/Desktop/Dev/react/nek-studios/dataconnect: no such file or directory\n"}}
[debug] [2026-08-11T10:57:39.041Z] E0811 10:57:39.041941   30960 watch.go:40] Failed to load config from "/Users/dynamo/Desktop/Dev/react/nek-studios/dataconnect": could not find dataconnect.yaml in `/Users/dynamo/Desktop/Dev/react/nek-studios/dataconnect`
 {"metadata":{"emulator":{"name":"dataconnect"},"message":"E0811 10:57:39.041941   30960 watch.go:40] Failed to load config from \"/Users/dynamo/Desktop/Dev/react/nek-studios/dataconnect\": could not find dataconnect.yaml in `/Users/dynamo/Desktop/Dev/react/nek-studios/dataconnect`\n"}}
[debug] [2026-08-11T10:57:49.040Z] E0811 10:57:49.040456   30960 watch.go:40] Failed to load config from "/Users/dynamo/Desktop/Dev/react/nek-studios/dataconnect": could not find dataconnect.yaml in `/Users/dynamo/Desktop/Dev/react/nek-studios/dataconnect`
 {"metadata":{"emulator":{"name":"dataconnect"},"message":"E0811 10:57:49.040456   30960 watch.go:40] Failed to load config from \"/Users/dynamo/Desktop/Dev/react/nek-studios/dataconnect\": could not find dataconnect.yaml in `/Users/dynamo/Desktop/Dev/react/nek-studios/dataconnect`\n"}}
[debug] [2026-08-11T10:57:59.040Z] E0811 10:57:59.040182   30960 watch.go:40] Failed to load config from "/Users/dynamo/Desktop/Dev/react/nek-studios/dataconnect": could not find dataconnect.yaml in `/Users/dynamo/Desktop/Dev/react/nek-studios/dataconnect`
 {"metadata":{"emulator":{"name":"dataconnect"},"message":"E0811 10:57:59.040182   30960 watch.go:40] Failed to load config from \"/Users/dynamo/Desktop/Dev/react/nek-studios/dataconnect\": could not find dataconnect.yaml in `/Users/dynamo/Desktop/Dev/react/nek-studios/dataconnect`\n"}}
[debug] [2026-08-11T10:58:09.040Z] E0811 10:58:09.040136   30960 watch.go:40] Failed to load config from "/Users/dynamo/Desktop/Dev/react/nek-studios/dataconnect": could not find dataconnect.yaml in `/Users/dynamo/Desktop/Dev/react/nek-studios/dataconnect`
 {"metadata":{"emulator":{"name":"dataconnect"},"message":"E0811 10:58:09.040136   30960 watch.go:40] Failed to load config from \"/Users/dynamo/Desktop/Dev/react/nek-studios/dataconnect\": could not find dataconnect.yaml in `/Users/dynamo/Desktop/Dev/react/nek-studios/dataconnect`\n"}}
[debug] [2026-08-11T10:58:19.040Z] E0811 10:58:19.039938   30960 watch.go:40] Failed to load config from "/Users/dynamo/Desktop/Dev/react/nek-studios/dataconnect": could not find dataconnect.yaml in `/Users/dynamo/Desktop/Dev/react/nek-studios/dataconnect`
 {"metadata":{"emulator":{"name":"dataconnect"},"message":"E0811 10:58:19.039938   30960 watch.go:40] Failed to load config from \"/Users/dynamo/Desktop/Dev/react/nek-studios/dataconnect\": could not find dataconnect.yaml in `/Users/dynamo/Desktop/Dev/react/nek-studios/dataconnect`\n"}}
[debug] [2026-08-11T10:58:29.039Z] E0811 10:58:29.039844   30960 watch.go:40] Failed to load config from "/Users/dynamo/Desktop/Dev/react/nek-studios/dataconnect": could not find dataconnect.yaml in `/Users/dynamo/Desktop/Dev/react/nek-studios/dataconnect`
 {"metadata":{"emulator":{"name":"dataconnect"},"message":"E0811 10:58:29.039844   30960 watch.go:40] Failed to load config from \"/Users/dynamo/Desktop/Dev/react/nek-studios/dataconnect\": could not find dataconnect.yaml in `/Users/dynamo/Desktop/Dev/react/nek-studios/dataconnect`\n"}}
[debug] [2026-08-11T10:58:39.039Z] E0811 10:58:39.039693   30960 watch.go:40] Failed to load config from "/Users/dynamo/Desktop/Dev/react/nek-studios/dataconnect": could not find dataconnect.yaml in `/Users/dynamo/Desktop/Dev/react/nek-studios/dataconnect`
E0811 10:58:39.039666   30960 watch.go:116] watchAllDir unable to walk dir `/Users/dynamo/Desktop/Dev/react/nek-studios/dataconnect`: lstat /Users/dynamo/Desktop/Dev/react/nek-studios/dataconnect: no such file or directory
 {"metadata":{"emulator":{"name":"dataconnect"},"message":"E0811 10:58:39.039693   30960 watch.go:40] Failed to load config from \"/Users/dynamo/Desktop/Dev/react/nek-studios/dataconnect\": could not find dataconnect.yaml in `/Users/dynamo/Desktop/Dev/react/nek-studios/dataconnect`\nE0811 10:58:39.039666   30960 watch.go:116] watchAllDir unable to walk dir `/Users/dynamo/Desktop/Dev/react/nek-studios/dataconnect`: lstat /Users/dynamo/Desktop/Dev/react/nek-studios/dataconnect: no such file or directory\n"}}
[debug] [2026-08-11T10:58:49.039Z] E0811 10:58:49.039605   30960 watch.go:40] Failed to load config from "/Users/dynamo/Desktop/Dev/react/nek-studios/dataconnect": could not find dataconnect.yaml in `/Users/dynamo/Desktop/Dev/react/nek-studios/dataconnect`
 {"metadata":{"emulator":{"name":"dataconnect"},"message":"E0811 10:58:49.039605   30960 watch.go:40] Failed to load config from \"/Users/dynamo/Desktop/Dev/react/nek-studios/dataconnect\": could not find dataconnect.yaml in `/Users/dynamo/Desktop/Dev/react/nek-studios/dataconnect`\n"}}
[debug] [2026-08-11T10:58:58.937Z] E0811 10:58:58.937655   30960 watch.go:40] Failed to load config from "/Users/dynamo/Desktop/Dev/react/nek-studios/dataconnect": could not find dataconnect.yaml in `/Users/dynamo/Desktop/Dev/react/nek-studios/dataconnect`
 {"metadata":{"emulator":{"name":"dataconnect"},"message":"E0811 10:58:58.937655   30960 watch.go:40] Failed to load config from \"/Users/dynamo/Desktop/Dev/react/nek-studios/dataconnect\": could not find dataconnect.yaml in `/Users/dynamo/Desktop/Dev/react/nek-studios/dataconnect`\n"}}
[debug] [2026-08-11T10:59:08.937Z] E0811 10:59:08.937406   30960 watch.go:40] Failed to load config from "/Users/dynamo/Desktop/Dev/react/nek-studios/dataconnect": could not find dataconnect.yaml in `/Users/dynamo/Desktop/Dev/react/nek-studios/dataconnect`
 {"metadata":{"emulator":{"name":"dataconnect"},"message":"E0811 10:59:08.937406   30960 watch.go:40] Failed to load config from \"/Users/dynamo/Desktop/Dev/react/nek-studios/dataconnect\": could not find dataconnect.yaml in `/Users/dynamo/Desktop/Dev/react/nek-studios/dataconnect`\n"}}
[debug] [2026-08-11T10:59:18.937Z] E0811 10:59:18.937164   30960 watch.go:40] Failed to load config from "/Users/dynamo/Desktop/Dev/react/nek-studios/dataconnect": could not find dataconnect.yaml in `/Users/dynamo/Desktop/Dev/react/nek-studios/dataconnect`
 {"metadata":{"emulator":{"name":"dataconnect"},"message":"E0811 10:59:18.937164   30960 watch.go:40] Failed to load config from \"/Users/dynamo/Desktop/Dev/react/nek-studios/dataconnect\": could not find dataconnect.yaml in `/Users/dynamo/Desktop/Dev/react/nek-studios/dataconnect`\n"}}
[debug] [2026-08-11T10:59:28.938Z] E0811 10:59:28.938106   30960 watch.go:40] Failed to load config from "/Users/dynamo/Desktop/Dev/react/nek-studios/dataconnect": could not find dataconnect.yaml in `/Users/dynamo/Desktop/Dev/react/nek-studios/dataconnect`
 {"metadata":{"emulator":{"name":"dataconnect"},"message":"E0811 10:59:28.938106   30960 watch.go:40] Failed to load config from \"/Users/dynamo/Desktop/Dev/react/nek-studios/dataconnect\": could not find dataconnect.yaml in `/Users/dynamo/Desktop/Dev/react/nek-studios/dataconnect`\n"}}
[debug] [2026-08-11T10:59:38.937Z] E0811 10:59:38.936881   30960 watch.go:116] watchAllDir unable to walk dir `/Users/dynamo/Desktop/Dev/react/nek-studios/dataconnect`: lstat /Users/dynamo/Desktop/Dev/react/nek-studios/dataconnect: no such file or directory
 {"metadata":{"emulator":{"name":"dataconnect"},"message":"E0811 10:59:38.936881   30960 watch.go:116] watchAllDir unable to walk dir `/Users/dynamo/Desktop/Dev/react/nek-studios/dataconnect`: lstat /Users/dynamo/Desktop/Dev/react/nek-studios/dataconnect: no such file or directory\n"}}
[debug] [2026-08-11T10:59:38.937Z] E0811 10:59:38.937107   30960 watch.go:40] Failed to load config from "/Users/dynamo/Desktop/Dev/react/nek-studios/dataconnect": could not find dataconnect.yaml in `/Users/dynamo/Desktop/Dev/react/nek-studios/dataconnect`
 {"metadata":{"emulator":{"name":"dataconnect"},"message":"E0811 10:59:38.937107   30960 watch.go:40] Failed to load config from \"/Users/dynamo/Desktop/Dev/react/nek-studios/dataconnect\": could not find dataconnect.yaml in `/Users/dynamo/Desktop/Dev/react/nek-studios/dataconnect`\n"}}
[debug] [2026-08-11T10:59:48.936Z] E0811 10:59:48.936655   30960 watch.go:40] Failed to load config from "/Users/dynamo/Desktop/Dev/react/nek-studios/dataconnect": could not find dataconnect.yaml in `/Users/dynamo/Desktop/Dev/react/nek-studios/dataconnect`
 {"metadata":{"emulator":{"name":"dataconnect"},"message":"E0811 10:59:48.936655   30960 watch.go:40] Failed to load config from \"/Users/dynamo/Desktop/Dev/react/nek-studios/dataconnect\": could not find dataconnect.yaml in `/Users/dynamo/Desktop/Dev/react/nek-studios/dataconnect`\n"}}
[debug] [2026-08-11T10:59:58.936Z] E0811 10:59:58.936490   30960 watch.go:40] Failed to load config from "/Users/dynamo/Desktop/Dev/react/nek-studios/dataconnect": could not find dataconnect.yaml in `/Users/dynamo/Desktop/Dev/react/nek-studios/dataconnect`
 {"metadata":{"emulator":{"name":"dataconnect"},"message":"E0811 10:59:58.936490   30960 watch.go:40] Failed to load config from \"/Users/dynamo/Desktop/Dev/react/nek-studios/dataconnect\": could not find dataconnect.yaml in `/Users/dynamo/Desktop/Dev/react/nek-studios/dataconnect`\n"}}
[debug] [2026-08-11T11:00:08.936Z] E0811 11:00:08.936174   30960 watch.go:40] Failed to load config from "/Users/dynamo/Desktop/Dev/react/nek-studios/dataconnect": could not find dataconnect.yaml in `/Users/dynamo/Desktop/Dev/react/nek-studios/dataconnect`
 {"metadata":{"emulator":{"name":"dataconnect"},"message":"E0811 11:00:08.936174   30960 watch.go:40] Failed to load config from \"/Users/dynamo/Desktop/Dev/react/nek-studios/dataconnect\": could not find dataconnect.yaml in `/Users/dynamo/Desktop/Dev/react/nek-studios/dataconnect`\n"}}
[debug] [2026-08-11T11:00:18.936Z] E0811 11:00:18.935952   30960 watch.go:40] Failed to load config from "/Users/dynamo/Desktop/Dev/react/nek-studios/dataconnect": could not find dataconnect.yaml in `/Users/dynamo/Desktop/Dev/react/nek-studios/dataconnect`
 {"metadata":{"emulator":{"name":"dataconnect"},"message":"E0811 11:00:18.935952   30960 watch.go:40] Failed to load config from \"/Users/dynamo/Desktop/Dev/react/nek-studios/dataconnect\": could not find dataconnect.yaml in `/Users/dynamo/Desktop/Dev/react/nek-studios/dataconnect`\n"}}
[debug] [2026-08-11T11:00:28.936Z] E0811 11:00:28.935820   30960 watch.go:40] Failed to load config from "/Users/dynamo/Desktop/Dev/react/nek-studios/dataconnect": could not find dataconnect.yaml in `/Users/dynamo/Desktop/Dev/react/nek-studios/dataconnect`
 {"metadata":{"emulator":{"name":"dataconnect"},"message":"E0811 11:00:28.935820   30960 watch.go:40] Failed to load config from \"/Users/dynamo/Desktop/Dev/react/nek-studios/dataconnect\": could not find dataconnect.yaml in `/Users/dynamo/Desktop/Dev/react/nek-studios/dataconnect`\n"}}
[debug] [2026-08-11T11:00:38.935Z] E0811 11:00:38.935408   30960 watch.go:40] Failed to load config from "/Users/dynamo/Desktop/Dev/react/nek-studios/dataconnect": could not find dataconnect.yaml in `/Users/dynamo/Desktop/Dev/react/nek-studios/dataconnect`
 {"metadata":{"emulator":{"name":"dataconnect"},"message":"E0811 11:00:38.935408   30960 watch.go:40] Failed to load config from \"/Users/dynamo/Desktop/Dev/react/nek-studios/dataconnect\": could not find dataconnect.yaml in `/Users/dynamo/Desktop/Dev/react/nek-studios/dataconnect`\n"}}
[debug] [2026-08-11T11:00:38.935Z] E0811 11:00:38.935375   30960 watch.go:116] watchAllDir unable to walk dir `/Users/dynamo/Desktop/Dev/react/nek-studios/dataconnect`: lstat /Users/dynamo/Desktop/Dev/react/nek-studios/dataconnect: no such file or directory
 {"metadata":{"emulator":{"name":"dataconnect"},"message":"E0811 11:00:38.935375   30960 watch.go:116] watchAllDir unable to walk dir `/Users/dynamo/Desktop/Dev/react/nek-studios/dataconnect`: lstat /Users/dynamo/Desktop/Dev/react/nek-studios/dataconnect: no such file or directory\n"}}
[debug] [2026-08-11T11:00:48.934Z] E0811 11:00:48.934478   30960 watch.go:40] Failed to load config from "/Users/dynamo/Desktop/Dev/react/nek-studios/dataconnect": could not find dataconnect.yaml in `/Users/dynamo/Desktop/Dev/react/nek-studios/dataconnect`
 {"metadata":{"emulator":{"name":"dataconnect"},"message":"E0811 11:00:48.934478   30960 watch.go:40] Failed to load config from \"/Users/dynamo/Desktop/Dev/react/nek-studios/dataconnect\": could not find dataconnect.yaml in `/Users/dynamo/Desktop/Dev/react/nek-studios/dataconnect`\n"}}
[debug] [2026-08-11T11:00:58.935Z] E0811 11:00:58.935031   30960 watch.go:40] Failed to load config from "/Users/dynamo/Desktop/Dev/react/nek-studios/dataconnect": could not find dataconnect.yaml in `/Users/dynamo/Desktop/Dev/react/nek-studios/dataconnect`
 {"metadata":{"emulator":{"name":"dataconnect"},"message":"E0811 11:00:58.935031   30960 watch.go:40] Failed to load config from \"/Users/dynamo/Desktop/Dev/react/nek-studios/dataconnect\": could not find dataconnect.yaml in `/Users/dynamo/Desktop/Dev/react/nek-studios/dataconnect`\n"}}
[debug] [2026-08-11T11:01:08.936Z] E0811 11:01:08.936349   30960 watch.go:40] Failed to load config from "/Users/dynamo/Desktop/Dev/react/nek-studios/dataconnect": could not find dataconnect.yaml in `/Users/dynamo/Desktop/Dev/react/nek-studios/dataconnect`
 {"metadata":{"emulator":{"name":"dataconnect"},"message":"E0811 11:01:08.936349   30960 watch.go:40] Failed to load config from \"/Users/dynamo/Desktop/Dev/react/nek-studios/dataconnect\": could not find dataconnect.yaml in `/Users/dynamo/Desktop/Dev/react/nek-studios/dataconnect`\n"}}
[debug] [2026-08-11T11:01:18.934Z] E0811 11:01:18.934649   30960 watch.go:40] Failed to load config from "/Users/dynamo/Desktop/Dev/react/nek-studios/dataconnect": could not find dataconnect.yaml in `/Users/dynamo/Desktop/Dev/react/nek-studios/dataconnect`
 {"metadata":{"emulator":{"name":"dataconnect"},"message":"E0811 11:01:18.934649   30960 watch.go:40] Failed to load config from \"/Users/dynamo/Desktop/Dev/react/nek-studios/dataconnect\": could not find dataconnect.yaml in `/Users/dynamo/Desktop/Dev/react/nek-studios/dataconnect`\n"}}
[debug] [2026-08-11T11:01:28.934Z] E0811 11:01:28.934336   30960 watch.go:40] Failed to load config from "/Users/dynamo/Desktop/Dev/react/nek-studios/dataconnect": could not find dataconnect.yaml in `/Users/dynamo/Desktop/Dev/react/nek-studios/dataconnect`
 {"metadata":{"emulator":{"name":"dataconnect"},"message":"E0811 11:01:28.934336   30960 watch.go:40] Failed to load config from \"/Users/dynamo/Desktop/Dev/react/nek-studios/dataconnect\": could not find dataconnect.yaml in `/Users/dynamo/Desktop/Dev/react/nek-studios/dataconnect`\n"}}
[debug] [2026-08-11T11:01:38.934Z] E0811 11:01:38.934126   30960 watch.go:40] Failed to load config from "/Users/dynamo/Desktop/Dev/react/nek-studios/dataconnect": could not find dataconnect.yaml in `/Users/dynamo/Desktop/Dev/react/nek-studios/dataconnect`
 {"metadata":{"emulator":{"name":"dataconnect"},"message":"E0811 11:01:38.934126   30960 watch.go:40] Failed to load config from \"/Users/dynamo/Desktop/Dev/react/nek-studios/dataconnect\": could not find dataconnect.yaml in `/Users/dynamo/Desktop/Dev/react/nek-studios/dataconnect`\n"}}
[debug] [2026-08-11T11:01:38.934Z] E0811 11:01:38.934109   30960 watch.go:116] watchAllDir unable to walk dir `/Users/dynamo/Desktop/Dev/react/nek-studios/dataconnect`: lstat /Users/dynamo/Desktop/Dev/react/nek-studios/dataconnect: no such file or directory
 {"metadata":{"emulator":{"name":"dataconnect"},"message":"E0811 11:01:38.934109   30960 watch.go:116] watchAllDir unable to walk dir `/Users/dynamo/Desktop/Dev/react/nek-studios/dataconnect`: lstat /Users/dynamo/Desktop/Dev/react/nek-studios/dataconnect: no such file or directory\n"}}
[debug] [2026-08-11T11:01:48.934Z] E0811 11:01:48.933919   30960 watch.go:40] Failed to load config from "/Users/dynamo/Desktop/Dev/react/nek-studios/dataconnect": could not find dataconnect.yaml in `/Users/dynamo/Desktop/Dev/react/nek-studios/dataconnect`
 {"metadata":{"emulator":{"name":"dataconnect"},"message":"E0811 11:01:48.933919   30960 watch.go:40] Failed to load config from \"/Users/dynamo/Desktop/Dev/react/nek-studios/dataconnect\": could not find dataconnect.yaml in `/Users/dynamo/Desktop/Dev/react/nek-studios/dataconnect`\n"}}
[debug] [2026-08-11T11:01:58.933Z] E0811 11:01:58.933711   30960 watch.go:40] Failed to load config from "/Users/dynamo/Desktop/Dev/react/nek-studios/dataconnect": could not find dataconnect.yaml in `/Users/dynamo/Desktop/Dev/react/nek-studios/dataconnect`
 {"metadata":{"emulator":{"name":"dataconnect"},"message":"E0811 11:01:58.933711   30960 watch.go:40] Failed to load config from \"/Users/dynamo/Desktop/Dev/react/nek-studios/dataconnect\": could not find dataconnect.yaml in `/Users/dynamo/Desktop/Dev/react/nek-studios/dataconnect`\n"}}
[debug] [2026-08-11T11:02:08.933Z] E0811 11:02:08.933433   30960 watch.go:40] Failed to load config from "/Users/dynamo/Desktop/Dev/react/nek-studios/dataconnect": could not find dataconnect.yaml in `/Users/dynamo/Desktop/Dev/react/nek-studios/dataconnect`
 {"metadata":{"emulator":{"name":"dataconnect"},"message":"E0811 11:02:08.933433   30960 watch.go:40] Failed to load config from \"/Users/dynamo/Desktop/Dev/react/nek-studios/dataconnect\": could not find dataconnect.yaml in `/Users/dynamo/Desktop/Dev/react/nek-studios/dataconnect`\n"}}
[debug] [2026-08-11T11:02:18.933Z] E0811 11:02:18.933262   30960 watch.go:40] Failed to load config from "/Users/dynamo/Desktop/Dev/react/nek-studios/dataconnect": could not find dataconnect.yaml in `/Users/dynamo/Desktop/Dev/react/nek-studios/dataconnect`
 {"metadata":{"emulator":{"name":"dataconnect"},"message":"E0811 11:02:18.933262   30960 watch.go:40] Failed to load config from \"/Users/dynamo/Desktop/Dev/react/nek-studios/dataconnect\": could not find dataconnect.yaml in `/Users/dynamo/Desktop/Dev/react/nek-studios/dataconnect`\n"}}
[debug] [2026-08-11T11:02:28.933Z] E0811 11:02:28.933035   30960 watch.go:40] Failed to load config from "/Users/dynamo/Desktop/Dev/react/nek-studios/dataconnect": could not find dataconnect.yaml in `/Users/dynamo/Desktop/Dev/react/nek-studios/dataconnect`
 {"metadata":{"emulator":{"name":"dataconnect"},"message":"E0811 11:02:28.933035   30960 watch.go:40] Failed to load config from \"/Users/dynamo/Desktop/Dev/react/nek-studios/dataconnect\": could not find dataconnect.yaml in `/Users/dynamo/Desktop/Dev/react/nek-studios/dataconnect`\n"}}
[debug] [2026-08-11T11:02:38.932Z] E0811 11:02:38.932801   30960 watch.go:116] watchAllDir unable to walk dir `/Users/dynamo/Desktop/Dev/react/nek-studios/dataconnect`: lstat /Users/dynamo/Desktop/Dev/react/nek-studios/dataconnect: no such file or directory
 {"metadata":{"emulator":{"name":"dataconnect"},"message":"E0811 11:02:38.932801   30960 watch.go:116] watchAllDir unable to walk dir `/Users/dynamo/Desktop/Dev/react/nek-studios/dataconnect`: lstat /Users/dynamo/Desktop/Dev/react/nek-studios/dataconnect: no such file or directory\n"}}
[debug] [2026-08-11T11:02:38.933Z] E0811 11:02:38.932878   30960 watch.go:40] Failed to load config from "/Users/dynamo/Desktop/Dev/react/nek-studios/dataconnect": could not find dataconnect.yaml in `/Users/dynamo/Desktop/Dev/react/nek-studios/dataconnect`
 {"metadata":{"emulator":{"name":"dataconnect"},"message":"E0811 11:02:38.932878   30960 watch.go:40] Failed to load config from \"/Users/dynamo/Desktop/Dev/react/nek-studios/dataconnect\": could not find dataconnect.yaml in `/Users/dynamo/Desktop/Dev/react/nek-studios/dataconnect`\n"}}
[debug] [2026-08-11T11:02:48.932Z] E0811 11:02:48.932081   30960 watch.go:40] Failed to load config from "/Users/dynamo/Desktop/Dev/react/nek-studios/dataconnect": could not find dataconnect.yaml in `/Users/dynamo/Desktop/Dev/react/nek-studios/dataconnect`
 {"metadata":{"emulator":{"name":"dataconnect"},"message":"E0811 11:02:48.932081   30960 watch.go:40] Failed to load config from \"/Users/dynamo/Desktop/Dev/react/nek-studios/dataconnect\": could not find dataconnect.yaml in `/Users/dynamo/Desktop/Dev/react/nek-studios/dataconnect`\n"}}
[debug] [2026-08-11T11:02:58.932Z] E0811 11:02:58.932464   30960 watch.go:40] Failed to load config from "/Users/dynamo/Desktop/Dev/react/nek-studios/dataconnect": could not find dataconnect.yaml in `/Users/dynamo/Desktop/Dev/react/nek-studios/dataconnect`
 {"metadata":{"emulator":{"name":"dataconnect"},"message":"E0811 11:02:58.932464   30960 watch.go:40] Failed to load config from \"/Users/dynamo/Desktop/Dev/react/nek-studios/dataconnect\": could not find dataconnect.yaml in `/Users/dynamo/Desktop/Dev/react/nek-studios/dataconnect`\n"}}
[debug] [2026-08-11T11:03:08.932Z] E0811 11:03:08.932203   30960 watch.go:40] Failed to load config from "/Users/dynamo/Desktop/Dev/react/nek-studios/dataconnect": could not find dataconnect.yaml in `/Users/dynamo/Desktop/Dev/react/nek-studios/dataconnect`
 {"metadata":{"emulator":{"name":"dataconnect"},"message":"E0811 11:03:08.932203   30960 watch.go:40] Failed to load config from \"/Users/dynamo/Desktop/Dev/react/nek-studios/dataconnect\": could not find dataconnect.yaml in `/Users/dynamo/Desktop/Dev/react/nek-studios/dataconnect`\n"}}
[debug] [2026-08-11T11:03:18.932Z] E0811 11:03:18.932203   30960 watch.go:40] Failed to load config from "/Users/dynamo/Desktop/Dev/react/nek-studios/dataconnect": could not find dataconnect.yaml in `/Users/dynamo/Desktop/Dev/react/nek-studios/dataconnect`
 {"metadata":{"emulator":{"name":"dataconnect"},"message":"E0811 11:03:18.932203   30960 watch.go:40] Failed to load config from \"/Users/dynamo/Desktop/Dev/react/nek-studios/dataconnect\": could not find dataconnect.yaml in `/Users/dynamo/Desktop/Dev/react/nek-studios/dataconnect`\n"}}
[debug] [2026-08-11T11:03:28.931Z] E0811 11:03:28.931767   30960 watch.go:40] Failed to load config from "/Users/dynamo/Desktop/Dev/react/nek-studios/dataconnect": could not find dataconnect.yaml in `/Users/dynamo/Desktop/Dev/react/nek-studios/dataconnect`
 {"metadata":{"emulator":{"name":"dataconnect"},"message":"E0811 11:03:28.931767   30960 watch.go:40] Failed to load config from \"/Users/dynamo/Desktop/Dev/react/nek-studios/dataconnect\": could not find dataconnect.yaml in `/Users/dynamo/Desktop/Dev/react/nek-studios/dataconnect`\n"}}
[debug] [2026-08-11T11:03:38.931Z] E0811 11:03:38.931579   30960 watch.go:40] Failed to load config from "/Users/dynamo/Desktop/Dev/react/nek-studios/dataconnect": could not find dataconnect.yaml in `/Users/dynamo/Desktop/Dev/react/nek-studios/dataconnect`
E0811 11:03:38.931551   30960 watch.go:116] watchAllDir unable to walk dir `/Users/dynamo/Desktop/Dev/react/nek-studios/dataconnect`: lstat /Users/dynamo/Desktop/Dev/react/nek-studios/dataconnect: no such file or directory
 {"metadata":{"emulator":{"name":"dataconnect"},"message":"E0811 11:03:38.931579   30960 watch.go:40] Failed to load config from \"/Users/dynamo/Desktop/Dev/react/nek-studios/dataconnect\": could not find dataconnect.yaml in `/Users/dynamo/Desktop/Dev/react/nek-studios/dataconnect`\nE0811 11:03:38.931551   30960 watch.go:116] watchAllDir unable to walk dir `/Users/dynamo/Desktop/Dev/react/nek-studios/dataconnect`: lstat /Users/dynamo/Desktop/Dev/react/nek-studios/dataconnect: no such file or directory\n"}}
[debug] [2026-08-11T11:03:48.931Z] E0811 11:03:48.931310   30960 watch.go:40] Failed to load config from "/Users/dynamo/Desktop/Dev/react/nek-studios/dataconnect": could not find dataconnect.yaml in `/Users/dynamo/Desktop/Dev/react/nek-studios/dataconnect`
 {"metadata":{"emulator":{"name":"dataconnect"},"message":"E0811 11:03:48.931310   30960 watch.go:40] Failed to load config from \"/Users/dynamo/Desktop/Dev/react/nek-studios/dataconnect\": could not find dataconnect.yaml in `/Users/dynamo/Desktop/Dev/react/nek-studios/dataconnect`\n"}}
[debug] [2026-08-11T11:03:58.931Z] E0811 11:03:58.931227   30960 watch.go:40] Failed to load config from "/Users/dynamo/Desktop/Dev/react/nek-studios/dataconnect": could not find dataconnect.yaml in `/Users/dynamo/Desktop/Dev/react/nek-studios/dataconnect`
 {"metadata":{"emulator":{"name":"dataconnect"},"message":"E0811 11:03:58.931227   30960 watch.go:40] Failed to load config from \"/Users/dynamo/Desktop/Dev/react/nek-studios/dataconnect\": could not find dataconnect.yaml in `/Users/dynamo/Desktop/Dev/react/nek-studios/dataconnect`\n"}}
[debug] [2026-08-11T11:04:08.931Z] E0811 11:04:08.930888   30960 watch.go:40] Failed to load config from "/Users/dynamo/Desktop/Dev/react/nek-studios/dataconnect": could not find dataconnect.yaml in `/Users/dynamo/Desktop/Dev/react/nek-studios/dataconnect`
 {"metadata":{"emulator":{"name":"dataconnect"},"message":"E0811 11:04:08.930888   30960 watch.go:40] Failed to load config from \"/Users/dynamo/Desktop/Dev/react/nek-studios/dataconnect\": could not find dataconnect.yaml in `/Users/dynamo/Desktop/Dev/react/nek-studios/dataconnect`\n"}}
[debug] [2026-08-11T11:04:18.930Z] E0811 11:04:18.930628   30960 watch.go:40] Failed to load config from "/Users/dynamo/Desktop/Dev/react/nek-studios/dataconnect": could not find dataconnect.yaml in `/Users/dynamo/Desktop/Dev/react/nek-studios/dataconnect`
 {"metadata":{"emulator":{"name":"dataconnect"},"message":"E0811 11:04:18.930628   30960 watch.go:40] Failed to load config from \"/Users/dynamo/Desktop/Dev/react/nek-studios/dataconnect\": could not find dataconnect.yaml in `/Users/dynamo/Desktop/Dev/react/nek-studios/dataconnect`\n"}}
[debug] [2026-08-11T11:04:28.930Z] E0811 11:04:28.930490   30960 watch.go:40] Failed to load config from "/Users/dynamo/Desktop/Dev/react/nek-studios/dataconnect": could not find dataconnect.yaml in `/Users/dynamo/Desktop/Dev/react/nek-studios/dataconnect`
 {"metadata":{"emulator":{"name":"dataconnect"},"message":"E0811 11:04:28.930490   30960 watch.go:40] Failed to load config from \"/Users/dynamo/Desktop/Dev/react/nek-studios/dataconnect\": could not find dataconnect.yaml in `/Users/dynamo/Desktop/Dev/react/nek-studios/dataconnect`\n"}}
[debug] [2026-08-11T11:04:38.930Z] E0811 11:04:38.930273   30960 watch.go:40] Failed to load config from "/Users/dynamo/Desktop/Dev/react/nek-studios/dataconnect": could not find dataconnect.yaml in `/Users/dynamo/Desktop/Dev/react/nek-studios/dataconnect`
 {"metadata":{"emulator":{"name":"dataconnect"},"message":"E0811 11:04:38.930273   30960 watch.go:40] Failed to load config from \"/Users/dynamo/Desktop/Dev/react/nek-studios/dataconnect\": could not find dataconnect.yaml in `/Users/dynamo/Desktop/Dev/react/nek-studios/dataconnect`\n"}}
[debug] [2026-08-11T11:04:38.930Z] E0811 11:04:38.930252   30960 watch.go:116] watchAllDir unable to walk dir `/Users/dynamo/Desktop/Dev/react/nek-studios/dataconnect`: lstat /Users/dynamo/Desktop/Dev/react/nek-studios/dataconnect: no such file or directory
 {"metadata":{"emulator":{"name":"dataconnect"},"message":"E0811 11:04:38.930252   30960 watch.go:116] watchAllDir unable to walk dir `/Users/dynamo/Desktop/Dev/react/nek-studios/dataconnect`: lstat /Users/dynamo/Desktop/Dev/react/nek-studios/dataconnect: no such file or directory\n"}}
[debug] [2026-08-11T11:04:48.930Z] E0811 11:04:48.930064   30960 watch.go:40] Failed to load config from "/Users/dynamo/Desktop/Dev/react/nek-studios/dataconnect": could not find dataconnect.yaml in `/Users/dynamo/Desktop/Dev/react/nek-studios/dataconnect`
 {"metadata":{"emulator":{"name":"dataconnect"},"message":"E0811 11:04:48.930064   30960 watch.go:40] Failed to load config from \"/Users/dynamo/Desktop/Dev/react/nek-studios/dataconnect\": could not find dataconnect.yaml in `/Users/dynamo/Desktop/Dev/react/nek-studios/dataconnect`\n"}}
[debug] [2026-08-11T11:04:58.930Z] E0811 11:04:58.930064   30960 watch.go:40] Failed to load config from "/Users/dynamo/Desktop/Dev/react/nek-studios/dataconnect": could not find dataconnect.yaml in `/Users/dynamo/Desktop/Dev/react/nek-studios/dataconnect`
 {"metadata":{"emulator":{"name":"dataconnect"},"message":"E0811 11:04:58.930064   30960 watch.go:40] Failed to load config from \"/Users/dynamo/Desktop/Dev/react/nek-studios/dataconnect\": could not find dataconnect.yaml in `/Users/dynamo/Desktop/Dev/react/nek-studios/dataconnect`\n"}}
[debug] [2026-08-11T11:05:08.929Z] E0811 11:05:08.929137   30960 watch.go:40] Failed to load config from "/Users/dynamo/Desktop/Dev/react/nek-studios/dataconnect": could not find dataconnect.yaml in `/Users/dynamo/Desktop/Dev/react/nek-studios/dataconnect`
 {"metadata":{"emulator":{"name":"dataconnect"},"message":"E0811 11:05:08.929137   30960 watch.go:40] Failed to load config from \"/Users/dynamo/Desktop/Dev/react/nek-studios/dataconnect\": could not find dataconnect.yaml in `/Users/dynamo/Desktop/Dev/react/nek-studios/dataconnect`\n"}}
[debug] [2026-08-11T11:05:18.929Z] E0811 11:05:18.929495   30960 watch.go:40] Failed to load config from "/Users/dynamo/Desktop/Dev/react/nek-studios/dataconnect": could not find dataconnect.yaml in `/Users/dynamo/Desktop/Dev/react/nek-studios/dataconnect`
 {"metadata":{"emulator":{"name":"dataconnect"},"message":"E0811 11:05:18.929495   30960 watch.go:40] Failed to load config from \"/Users/dynamo/Desktop/Dev/react/nek-studios/dataconnect\": could not find dataconnect.yaml in `/Users/dynamo/Desktop/Dev/react/nek-studios/dataconnect`\n"}}
[debug] [2026-08-11T11:05:28.930Z] E0811 11:05:28.929798   30960 watch.go:40] Failed to load config from "/Users/dynamo/Desktop/Dev/react/nek-studios/dataconnect": could not find dataconnect.yaml in `/Users/dynamo/Desktop/Dev/react/nek-studios/dataconnect`
 {"metadata":{"emulator":{"name":"dataconnect"},"message":"E0811 11:05:28.929798   30960 watch.go:40] Failed to load config from \"/Users/dynamo/Desktop/Dev/react/nek-studios/dataconnect\": could not find dataconnect.yaml in `/Users/dynamo/Desktop/Dev/react/nek-studios/dataconnect`\n"}}
[debug] [2026-08-11T11:05:38.929Z] E0811 11:05:38.928948   30960 watch.go:40] Failed to load config from "/Users/dynamo/Desktop/Dev/react/nek-studios/dataconnect": could not find dataconnect.yaml in `/Users/dynamo/Desktop/Dev/react/nek-studios/dataconnect`
E0811 11:05:38.928918   30960 watch.go:116] watchAllDir unable to walk dir `/Users/dynamo/Desktop/Dev/react/nek-studios/dataconnect`: lstat /Users/dynamo/Desktop/Dev/react/nek-studios/dataconnect: no such file or directory
 {"metadata":{"emulator":{"name":"dataconnect"},"message":"E0811 11:05:38.928948   30960 watch.go:40] Failed to load config from \"/Users/dynamo/Desktop/Dev/react/nek-studios/dataconnect\": could not find dataconnect.yaml in `/Users/dynamo/Desktop/Dev/react/nek-studios/dataconnect`\nE0811 11:05:38.928918   30960 watch.go:116] watchAllDir unable to walk dir `/Users/dynamo/Desktop/Dev/react/nek-studios/dataconnect`: lstat /Users/dynamo/Desktop/Dev/react/nek-studios/dataconnect: no such file or directory\n"}}
[debug] [2026-08-11T11:05:48.928Z] E0811 11:05:48.928640   30960 watch.go:40] Failed to load config from "/Users/dynamo/Desktop/Dev/react/nek-studios/dataconnect": could not find dataconnect.yaml in `/Users/dynamo/Desktop/Dev/react/nek-studios/dataconnect`
 {"metadata":{"emulator":{"name":"dataconnect"},"message":"E0811 11:05:48.928640   30960 watch.go:40] Failed to load config from \"/Users/dynamo/Desktop/Dev/react/nek-studios/dataconnect\": could not find dataconnect.yaml in `/Users/dynamo/Desktop/Dev/react/nek-studios/dataconnect`\n"}}
[debug] [2026-08-11T11:05:58.929Z] E0811 11:05:58.928801   30960 watch.go:40] Failed to load config from "/Users/dynamo/Desktop/Dev/react/nek-studios/dataconnect": could not find dataconnect.yaml in `/Users/dynamo/Desktop/Dev/react/nek-studios/dataconnect`
 {"metadata":{"emulator":{"name":"dataconnect"},"message":"E0811 11:05:58.928801   30960 watch.go:40] Failed to load config from \"/Users/dynamo/Desktop/Dev/react/nek-studios/dataconnect\": could not find dataconnect.yaml in `/Users/dynamo/Desktop/Dev/react/nek-studios/dataconnect`\n"}}
[debug] [2026-08-11T11:06:08.928Z] E0811 11:06:08.928317   30960 watch.go:40] Failed to load config from "/Users/dynamo/Desktop/Dev/react/nek-studios/dataconnect": could not find dataconnect.yaml in `/Users/dynamo/Desktop/Dev/react/nek-studios/dataconnect`
 {"metadata":{"emulator":{"name":"dataconnect"},"message":"E0811 11:06:08.928317   30960 watch.go:40] Failed to load config from \"/Users/dynamo/Desktop/Dev/react/nek-studios/dataconnect\": could not find dataconnect.yaml in `/Users/dynamo/Desktop/Dev/react/nek-studios/dataconnect`\n"}}
[debug] [2026-08-11T11:06:18.927Z] E0811 11:06:18.927515   30960 watch.go:40] Failed to load config from "/Users/dynamo/Desktop/Dev/react/nek-studios/dataconnect": could not find dataconnect.yaml in `/Users/dynamo/Desktop/Dev/react/nek-studios/dataconnect`
 {"metadata":{"emulator":{"name":"dataconnect"},"message":"E0811 11:06:18.927515   30960 watch.go:40] Failed to load config from \"/Users/dynamo/Desktop/Dev/react/nek-studios/dataconnect\": could not find dataconnect.yaml in `/Users/dynamo/Desktop/Dev/react/nek-studios/dataconnect`\n"}}
[debug] [2026-08-11T11:06:28.928Z] E0811 11:06:28.927935   30960 watch.go:40] Failed to load config from "/Users/dynamo/Desktop/Dev/react/nek-studios/dataconnect": could not find dataconnect.yaml in `/Users/dynamo/Desktop/Dev/react/nek-studios/dataconnect`
 {"metadata":{"emulator":{"name":"dataconnect"},"message":"E0811 11:06:28.927935   30960 watch.go:40] Failed to load config from \"/Users/dynamo/Desktop/Dev/react/nek-studios/dataconnect\": could not find dataconnect.yaml in `/Users/dynamo/Desktop/Dev/react/nek-studios/dataconnect`\n"}}
[debug] [2026-08-11T11:06:38.927Z] E0811 11:06:38.927607   30960 watch.go:116] watchAllDir unable to walk dir `/Users/dynamo/Desktop/Dev/react/nek-studios/dataconnect`: lstat /Users/dynamo/Desktop/Dev/react/nek-studios/dataconnect: no such file or directory
 {"metadata":{"emulator":{"name":"dataconnect"},"message":"E0811 11:06:38.927607   30960 watch.go:116] watchAllDir unable to walk dir `/Users/dynamo/Desktop/Dev/react/nek-studios/dataconnect`: lstat /Users/dynamo/Desktop/Dev/react/nek-studios/dataconnect: no such file or directory\n"}}
[debug] [2026-08-11T11:06:38.928Z] E0811 11:06:38.927703   30960 watch.go:40] Failed to load config from "/Users/dynamo/Desktop/Dev/react/nek-studios/dataconnect": could not find dataconnect.yaml in `/Users/dynamo/Desktop/Dev/react/nek-studios/dataconnect`
 {"metadata":{"emulator":{"name":"dataconnect"},"message":"E0811 11:06:38.927703   30960 watch.go:40] Failed to load config from \"/Users/dynamo/Desktop/Dev/react/nek-studios/dataconnect\": could not find dataconnect.yaml in `/Users/dynamo/Desktop/Dev/react/nek-studios/dataconnect`\n"}}
[debug] [2026-08-11T11:06:48.927Z] E0811 11:06:48.927483   30960 watch.go:40] Failed to load config from "/Users/dynamo/Desktop/Dev/react/nek-studios/dataconnect": could not find dataconnect.yaml in `/Users/dynamo/Desktop/Dev/react/nek-studios/dataconnect`
 {"metadata":{"emulator":{"name":"dataconnect"},"message":"E0811 11:06:48.927483   30960 watch.go:40] Failed to load config from \"/Users/dynamo/Desktop/Dev/react/nek-studios/dataconnect\": could not find dataconnect.yaml in `/Users/dynamo/Desktop/Dev/react/nek-studios/dataconnect`\n"}}
[debug] [2026-08-11T11:06:58.927Z] E0811 11:06:58.927174   30960 watch.go:40] Failed to load config from "/Users/dynamo/Desktop/Dev/react/nek-studios/dataconnect": could not find dataconnect.yaml in `/Users/dynamo/Desktop/Dev/react/nek-studios/dataconnect`
 {"metadata":{"emulator":{"name":"dataconnect"},"message":"E0811 11:06:58.927174   30960 watch.go:40] Failed to load config from \"/Users/dynamo/Desktop/Dev/react/nek-studios/dataconnect\": could not find dataconnect.yaml in `/Users/dynamo/Desktop/Dev/react/nek-studios/dataconnect`\n"}}
[debug] [2026-08-11T11:07:08.927Z] E0811 11:07:08.927100   30960 watch.go:40] Failed to load config from "/Users/dynamo/Desktop/Dev/react/nek-studios/dataconnect": could not find dataconnect.yaml in `/Users/dynamo/Desktop/Dev/react/nek-studios/dataconnect`
 {"metadata":{"emulator":{"name":"dataconnect"},"message":"E0811 11:07:08.927100   30960 watch.go:40] Failed to load config from \"/Users/dynamo/Desktop/Dev/react/nek-studios/dataconnect\": could not find dataconnect.yaml in `/Users/dynamo/Desktop/Dev/react/nek-studios/dataconnect`\n"}}
[debug] [2026-08-11T11:07:18.928Z] E0811 11:07:18.927612   30960 watch.go:40] Failed to load config from "/Users/dynamo/Desktop/Dev/react/nek-studios/dataconnect": could not find dataconnect.yaml in `/Users/dynamo/Desktop/Dev/react/nek-studios/dataconnect`
 {"metadata":{"emulator":{"name":"dataconnect"},"message":"E0811 11:07:18.927612   30960 watch.go:40] Failed to load config from \"/Users/dynamo/Desktop/Dev/react/nek-studios/dataconnect\": could not find dataconnect.yaml in `/Users/dynamo/Desktop/Dev/react/nek-studios/dataconnect`\n"}}
[debug] [2026-08-11T11:07:28.926Z] E0811 11:07:28.926678   30960 watch.go:40] Failed to load config from "/Users/dynamo/Desktop/Dev/react/nek-studios/dataconnect": could not find dataconnect.yaml in `/Users/dynamo/Desktop/Dev/react/nek-studios/dataconnect`
 {"metadata":{"emulator":{"name":"dataconnect"},"message":"E0811 11:07:28.926678   30960 watch.go:40] Failed to load config from \"/Users/dynamo/Desktop/Dev/react/nek-studios/dataconnect\": could not find dataconnect.yaml in `/Users/dynamo/Desktop/Dev/react/nek-studios/dataconnect`\n"}}
[debug] [2026-08-11T11:07:38.926Z] E0811 11:07:38.926330   30960 watch.go:40] Failed to load config from "/Users/dynamo/Desktop/Dev/react/nek-studios/dataconnect": could not find dataconnect.yaml in `/Users/dynamo/Desktop/Dev/react/nek-studios/dataconnect`
 {"metadata":{"emulator":{"name":"dataconnect"},"message":"E0811 11:07:38.926330   30960 watch.go:40] Failed to load config from \"/Users/dynamo/Desktop/Dev/react/nek-studios/dataconnect\": could not find dataconnect.yaml in `/Users/dynamo/Desktop/Dev/react/nek-studios/dataconnect`\n"}}
[debug] [2026-08-11T11:07:38.927Z] E0811 11:07:38.926281   30960 watch.go:116] watchAllDir unable to walk dir `/Users/dynamo/Desktop/Dev/react/nek-studios/dataconnect`: lstat /Users/dynamo/Desktop/Dev/react/nek-studios/dataconnect: no such file or directory
 {"metadata":{"emulator":{"name":"dataconnect"},"message":"E0811 11:07:38.926281   30960 watch.go:116] watchAllDir unable to walk dir `/Users/dynamo/Desktop/Dev/react/nek-studios/dataconnect`: lstat /Users/dynamo/Desktop/Dev/react/nek-studios/dataconnect: no such file or directory\n"}}
